{"GOOG":{"current":329.7900085449219,"sma_20":299.965998840332,"sma_50":307.1921069335938,"sma_200":270.1697964477539,"rsi":69.84611065043705,"avg_vol_20":19677452.25,"current_vol":"8844245","vol_ratio":0.44946087977420957,"high_52w":344.6571960449219,"low_52w":149.3437042236328,"off_high":-4.313615868348863,"off_low":120.82618765842452,"trend_signals":["Golden Cross","Above 20d","Above 50d"],"macd":3.9769667369765216,"macd_signal":-0.844459508574434,"macd_histogram":4.821426245550955,"macd_crossover":null,"bb_upper":330.43094763225247,"bb_lower":269.50105004841157,"bb_width":20.31226799683823,"bb_pct_b":0.9894807128725492,"atr":8.235064223579638,"atr_pct":2.4970629825669537,"rs_vs_bench":2.6037822248422993},"AMZN":{"current":249.71499633789062,"sma_20":215.70874938964843,"sma_50":213.57410034179688,"sma_200":225.15992500305177,"rsi":76.59512630420133,"avg_vol_20":44368727.95,"current_vol":"33812359","vol_ratio":0.7620763668975098,"high_52w":254.0,"low_52w":167.32000732421875,"off_high":-1.6870093157910926,"off_low":49.24395494079422,"trend_signals":["Death Cross","Above 20d","Above 50d"],"macd":6.925239986761653,"macd_signal":2.2364940046619863,"macd_histogram":4.688745982099666,"macd_crossover":null,"bb_upper":243.23005699224018,"bb_lower":188.18744178705668,"bb_width":25.517099033269403,"bb_pct_b":1.1178167011410414,"atr":6.759172616563325,"atr_pct":2.706754786731933,"rs_vs_bench":12.05561985964625},"NVDA":{"current":194.77499389648438,"sma_20":178.45124893188478,"sma_50":182.08150115966797,"sma_200":181.09896369934083,"rsi":66.78898014595009,"avg_vol_20":161569599.4,"current_vol":"83402488","vol_ratio":0.5162016141014211,"high_52w":207.01727294921875,"low_52w":96.88717651367188,"off_high":-5.913651010047554,"off_low":101.03278979236165,"trend_signals":["Golden Cross","Above 20d","Above 50d"],"macd":1.9201962822856729,"macd_signal":-0.5367740751309118,"macd_histogram":2.4569703574165844,"macd_crossover":null,"bb_upper":192.75595553564756,"bb_lower":164.146542328122,"bb_width":16.03206106920879,"bb_pct_b":1.070572519128275,"atr":5.306837670964334,"atr_pct":2.724599069316218,"rs_vs_bench":3.0774599469771236},"AAPL":{"current":258.0,"sma_20":253.99800033569335,"sma_50":260.84058471679685,"sma_200":250.88441841125487,"rsi":51.78835318960926,"avg_vol_20":40014336.5,"current_vol":"17586730","vol_ratio":0.4395107238626836,"high_52w":285.9224548339844,"low_52w":192.32176208496094,"off_high":-9.76574394977024,"off_low":34.150185191223834,"trend_signals":["Golden Cross","Above 20d","Below 50d"],"macd":0.17094460185427351,"macd_signal":-0.9963827444807234,"macd_histogram":1.167327346334997,"macd_crossover":null,"bb_upper":262.6532500727071,"bb_lower":245.34275059867954,"bb_width":6.815210927310203,"bb_pct_b":0.7311891502790666,"atr":5.678054872213785,"atr_pct":2.200796462098366,"rs_vs_bench":-2.5000379752105006},"MSFT":{"current":393.8996887207031,"sma_20":376.26398315429685,"sma_50":391.9513854980469,"sma_200":471.561220703125,"rsi":58.28586426014965,"avg_vol_20":31662478.7,"current_vol":"18483774","vol_ratio":0.5837753315251342,"high_52w":539.8252563476562,"low_52w":356.3916015625,"off_high":-27.03200080230679,"off_low":10.52440264971434,"trend_signals":["Death Cross","Above 20d","Above 50d"],"macd":-4.827136889476947,"macd_signal":-8.316260032062784,"macd_histogram":3.4891231425858376,"macd_crossover":null,"bb_upper":398.65271767226244,"bb_lower":353.87524863633126,"bb_width":11.90054616988653,"bb_pct_b":0.8938522195672717,"atr":8.939914831161397,"atr_pct":2.269591748141821,"rs_vs_bench":-5.362562510269564}}