{"AMZN":{"current":238.16000366210938,"sma_20":212.1879997253418,"sma_50":213.39820037841798,"sma_200":224.85635002136232,"rsi":71.35033005886817,"avg_vol_20":43744346.25,"current_vol":"42739025","vol_ratio":0.9770182586738281,"high_52w":254.0,"low_52w":167.32000732421875,"off_high":-6.2362190306656,"off_low":42.33803086120047,"trend_signals":["Death Cross","Above 20d","Above 50d"],"macd":3.60393578136231,"macd_signal":0.06016704555796648,"macd_histogram":3.5437687358043433,"macd_crossover":null,"bb_upper":230.98962598633693,"bb_lower":193.38637346434666,"bb_width":17.721667846751128,"bb_pct_b":1.190685039055577,"atr":6.688685224235086,"atr_pct":2.8084838433764427,"rs_vs_bench":11.58439982908357},"MSFT":{"current":371.5299987792969,"sma_20":377.1584991455078,"sma_50":393.6356506347656,"sma_200":472.5931916809082,"rsi":38.85089670933587,"avg_vol_20":31262631.8,"current_vol":"19663636","vol_ratio":0.6289821063625232,"high_52w":539.8251953125,"low_52w":356.3916015625,"off_high":-31.175869150712487,"off_low":4.247686295195166,"trend_signals":["Death Cross","Below 20d","Below 50d"],"macd":-8.262752717050944,"macd_signal":-9.767793845931799,"macd_histogram":1.5050411288808547,"macd_crossover":null,"bb_upper":401.92914407534687,"bb_lower":352.3878542156687,"bb_width":13.135403277910788,"bb_pct_b":0.38638769030533515,"atr":8.46753337856134,"atr_pct":2.279098163373715,"rs_vs_bench":-9.170104874537888},"GOOG":{"current":315.5799865722656,"sma_20":297.8029983520508,"sma_50":307.74357238769534,"sma_200":268.6498095703125,"rsi":61.951472582305925,"avg_vol_20":19987114.0,"current_vol":"7565480","vol_ratio":0.3785178790694845,"high_52w":344.6571960449219,"low_52w":149.34368896484375,"off_high":-8.436559516623698,"off_low":111.31123033029854,"trend_signals":["Golden Cross","Above 20d","Above 50d"],"macd":0.8873016482698404,"macd_signal":-3.10580387706067,"macd_histogram":3.9931055253305106,"macd_crossover":null,"bb_upper":323.23750165245406,"bb_lower":272.3684950516475,"bb_width":17.081428623049398,"bb_pct_b":0.8494659992029996,"atr":8.187175456890811,"atr_pct":2.594326574957251,"rs_vs_bench":1.5863200710564573},"NVDA":{"current":189.58999633789062,"sma_20":177.46849899291993,"sma_50":182.09138580322266,"sma_200":180.72973152160645,"rsi":62.19211082148833,"avg_vol_20":167928378.95,"current_vol":"126381779","vol_ratio":0.7525933364582151,"high_52w":207.01727294921875,"low_52w":96.88717651367188,"off_high":-8.418271752426682,"off_low":95.68120690475209,"trend_signals":["Golden Cross","Above 20d","Above 50d"],"macd":0.20540531582847166,"macd_signal":-1.6470864651019874,"macd_histogram":1.852491780930459,"macd_crossover":null,"bb_upper":188.8445134827784,"bb_lower":166.09248450306146,"bb_width":12.820319723684955,"bb_pct_b":1.0327655549215764,"atr":5.386746441674557,"atr_pct":2.8412609028559728,"rs_vs_bench":2.0841397968522246},"AAPL":{"current":259.6369934082031,"sma_20":253.24284896850585,"sma_50":260.82524353027344,"sma_200":250.30089668273925,"rsi":54.413993121234604,"avg_vol_20":40109484.6,"current_vol":"17010692","vol_ratio":0.4241064718143997,"high_52w":285.9224548339844,"low_52w":189.59365844726562,"off_high":-9.193213398032492,"off_low":36.94392287937186,"trend_signals":["Golden Cross","Above 20d","Below 50d"],"macd":-0.22872569455336134,"macd_signal":-1.6434912558354435,"macd_histogram":1.4147655612820822,"macd_crossover":null,"bb_upper":261.28961720223185,"bb_lower":245.19608073477985,"bb_width":6.354981604812638,"bb_pct_b":0.8973113338158435,"atr":5.898476348871137,"atr_pct":2.271816612664864,"rs_vs_bench":0.7074227379025633}}