{"GOOG":{"current":319.2099914550781,"sma_20":298.69749908447267,"sma_50":307.36214050292966,"sma_200":269.391036605835,"rsi":64.24684649871884,"avg_vol_20":19976340.0,"current_vol":"12181100","vol_ratio":0.6097763654403159,"high_52w":344.6571960449219,"low_52w":149.3437042236328,"off_high":-7.383337670549324,"off_low":113.74184677854329,"trend_signals":["Golden Cross","Above 20d","Above 50d"],"macd":2.1651998998907516,"macd_signal":-2.0498160724846635,"macd_histogram":4.215015972375415,"macd_crossover":null,"bb_upper":325.86838949361265,"bb_lower":271.5266086753327,"bb_width":18.19291456568638,"bb_pct_b":0.8774718469238182,"atr":8.012376480871799,"atr_pct":2.5100644388818782,"rs_vs_bench":1.8955357540028972},"AMZN":{"current":239.88999938964844,"sma_20":213.80999984741212,"sma_50":213.3658004760742,"sma_200":224.99694999694825,"rsi":72.21835495682525,"avg_vol_20":44788575.0,"current_vol":"42075000","vol_ratio":0.9394136785999555,"high_52w":254.0,"low_52w":167.32000732421875,"off_high":-5.555118350532111,"off_low":43.37197519051599,"trend_signals":["Death Cross","Above 20d","Above 50d"],"macd":5.066829417135722,"macd_signal":1.0643075091370697,"macd_histogram":4.002521907998652,"macd_crossover":null,"bb_upper":236.21759897135334,"bb_lower":191.4024007234709,"bb_width":20.960291043386796,"bb_pct_b":1.081945423915839,"atr":6.514493399267716,"atr_pct":2.7156169143534643,"rs_vs_bench":10.33172726257705},"NVDA":{"current":189.30999755859375,"sma_20":177.8734992980957,"sma_50":182.00839447021485,"sma_200":180.90005973815917,"rsi":61.99609780666984,"avg_vol_20":168264845.0,"current_vol":"133242100","vol_ratio":0.7918594047378108,"high_52w":207.01727294921875,"low_52w":96.88717651367188,"off_high":-8.553525577051046,"off_low":95.39221223138851,"trend_signals":["Golden Cross","Above 20d","Above 50d"],"macd":0.8945270321968906,"macd_signal":-1.1510166644732118,"macd_histogram":2.0455436966701024,"macd_crossover":null,"bb_upper":190.19863368002373,"bb_lower":165.54836491616769,"bb_width":13.85831439822579,"bb_pct_b":0.963950246143646,"atr":5.281978654665185,"atr_pct":2.790121347410798,"rs_vs_bench":0.36099481577946957},"MSFT":{"current":384.3699951171875,"sma_20":376.5664993286133,"sma_50":392.65959411621094,"sma_200":472.0646081542969,"rsi":51.52044565436439,"avg_vol_20":32124975.0,"current_vol":"35563300","vol_ratio":1.1070296552759964,"high_52w":539.8252563476562,"low_52w":356.3916320800781,"off_high":-28.79733013646791,"off_low":7.850454533349671,"trend_signals":["Death Cross","Above 20d","Below 50d"],"macd":-6.829408659641388,"macd_signal":-9.188540817750788,"macd_histogram":2.3591321581094,"macd_crossover":null,"bb_upper":400.0931599009023,"bb_lower":353.0398387563243,"bb_width":12.495355064369821,"bb_pct_b":0.6658436768915172,"atr":8.83913904892793,"atr_pct":2.2996433543760446,"rs_vs_bench":-6.858367192927095},"AAPL":{"current":259.20001220703125,"sma_20":253.7390007019043,"sma_50":260.86533325195313,"sma_200":250.59636947631836,"rsi":53.65815092414509,"avg_vol_20":40738710.0,"current_vol":"35196600","vol_ratio":0.8639596099140106,"high_52w":285.9224548339844,"low_52w":192.32177734375,"off_high":-9.346045466232802,"off_low":34.774135195176136,"trend_signals":["Golden Cross","Above 20d","Below 50d"],"macd":0.07909302884496583,"macd_signal":-1.2882145810725636,"macd_histogram":1.3673076099175294,"macd_crossover":null,"bb_upper":262.1977980914078,"bb_lower":245.28020331240083,"bb_width":6.667321433523712,"bb_pct_b":0.8228007040281825,"atr":5.750220733024907,"atr_pct":2.2184492523989636,"rs_vs_bench":-0.4393397142324451}}