{"GOOG":{"current":317.3299865722656,"sma_20":298.603498840332,"sma_50":307.3245404052734,"sma_200":269.3816363525391,"rsi":63.116778983518664,"avg_vol_20":19608564.2,"current_vol":"4845384","vol_ratio":0.24710549689303615,"high_52w":344.6571960449219,"low_52w":149.3437042236328,"off_high":-7.928808620927352,"off_low":112.48300236150826,"trend_signals":["Golden Cross","Above 20d","Above 50d"],"macd":2.0152280021242177,"macd_signal":-2.079810449859505,"macd_histogram":4.095038451983722,"macd_crossover":null,"bb_upper":325.4870787731959,"bb_lower":271.7199189074681,"bb_width":18.00620557848115,"bb_pct_b":0.8482885794730297,"atr":7.9201567191218505,"atr_pct":2.4958740283809235,"rs_vs_bench":1.818303415810285},"AMZN":{"current":238.3000030517578,"sma_20":213.7305000305176,"sma_50":213.3340005493164,"sma_200":224.9890000152588,"rsi":71.35295186113746,"avg_vol_20":43820371.95,"current_vol":"22781539","vol_ratio":0.5198846560680551,"high_52w":254.0,"low_52w":167.32000732421875,"off_high":-6.18110116072527,"off_low":42.42170249849437,"trend_signals":["Death Cross","Above 20d","Above 50d"],"macd":4.9399921024322,"macd_signal":1.0389400461963654,"macd_histogram":3.9010520562358346,"macd_crossover":null,"bb_upper":235.75653651024354,"bb_lower":191.70446355079164,"bb_width":20.611037242303695,"bb_pct_b":1.0577377265277716,"atr":6.465922493854769,"atr_pct":2.713353928262601,"rs_vs_bench":10.121145143265764},"MSFT":{"current":381.3399963378906,"sma_20":376.4149993896484,"sma_50":392.598994140625,"sma_200":472.0494581604004,"rsi":49.08230361281627,"avg_vol_20":31248466.35,"current_vol":"18106227","vol_ratio":0.5794277004573698,"high_52w":539.8252563476562,"low_52w":356.3916015625,"off_high":-29.358622655420653,"off_low":7.000275726479332,"trend_signals":["Death Cross","Above 20d","Below 50d"],"macd":-7.071117963972881,"macd_signal":-9.236882678617164,"macd_histogram":2.1657647146442827,"macd_crossover":null,"bb_upper":399.76846428096553,"bb_lower":353.0615344983313,"bb_width":12.408360415596844,"bb_pct_b":0.6054446732243433,"atr":8.64913878734862,"atr_pct":2.268091170716054,"rs_vs_bench":-7.075624491474897},"AAPL":{"current":257.8900146484375,"sma_20":253.67350082397462,"sma_50":260.83913330078127,"sma_200":250.5898193359375,"rsi":51.763680561463396,"avg_vol_20":39715712.55,"current_vol":"14768651","vol_ratio":0.37185914721804486,"high_52w":285.9224548339844,"low_52w":192.32177734375,"off_high":-9.804210796183671,"off_low":34.092986353538556,"trend_signals":["Golden Cross","Above 20d","Below 50d"],"macd":-0.02540820058840154,"macd_signal":-1.309114826562774,"macd_histogram":1.2837066259743724,"macd_crossover":null,"bb_upper":261.97303687326274,"bb_lower":245.37396477468653,"bb_width":6.543478938343819,"bb_pct_b":0.7540210560820768,"atr":5.750220733279999,"atr_pct":2.229718254550822,"rs_vs_bench":-0.417156870338653},"NVDA":{"current":188.28030395507812,"sma_20":177.82201461791993,"sma_50":181.98780059814453,"sma_200":180.8949112701416,"rsi":60.82127949514676,"avg_vol_20":165458295.65,"current_vol":"77471113","vol_ratio":0.4682213889346321,"high_52w":207.01727294921875,"low_52w":96.88717651367188,"off_high":-9.05092059575956,"off_low":94.32943628872253,"trend_signals":["Golden Cross","Above 20d","Above 50d"],"macd":0.8123862321207582,"macd_signal":-1.1674448242289495,"macd_histogram":1.9798310563497077,"macd_crossover":null,"bb_upper":189.9530754952061,"bb_lower":165.69095374063377,"bb_width":13.644048408012646,"bb_pct_b":0.9310541939798515,"atr":5.28126367121425,"atr_pct":2.8050006082815275,"rs_vs_bench":0.3393334182752561}}