{"AMZN":{"current":212.63499450683594,"sma_20":209.30374908447266,"sma_50":214.03649993896485,"sma_200":224.54002502441406,"rsi":52.56997048764396,"avg_vol_20":41032013.95,"current_vol":"19178379","vol_ratio":0.4674003821350328,"high_52w":254.0,"low_52w":167.32000732421875,"off_high":-16.285435233529157,"off_low":27.08282643976317,"trend_signals":["Death Cross","Above 20d","Below 50d"],"macd":-0.9839590803510134,"macd_signal":-1.9217961558627565,"macd_histogram":0.9378370755117431,"macd_crossover":null,"bb_upper":217.3173433622163,"bb_lower":201.29015480672902,"bb_width":7.657382452819264,"bb_pct_b":0.7078496431754248,"atr":5.720323827164532,"atr_pct":2.6902080913029724,"rs_vs_bench":2.8804117047383837},"MSFT":{"current":370.635009765625,"sma_20":381.7542495727539,"sma_50":399.8085076904297,"sma_200":474.21584243774413,"rsi":37.771565466522674,"avg_vol_20":30981204.5,"current_vol":"14411990","vol_ratio":0.4651849478608877,"high_52w":539.8252563476562,"low_52w":351.86627197265625,"off_high":-31.341669288824452,"off_low":5.334054238204246,"trend_signals":["Death Cross","Below 20d","Below 50d"],"macd":-10.22812535678878,"macd_signal":-10.821101846688812,"macd_histogram":0.5929764899000318,"macd_crossover":null,"bb_upper":413.046618770617,"bb_lower":350.4618803748908,"bb_width":16.393986043578774,"bb_pct_b":0.3223330464877644,"atr":8.42608500812218,"atr_pct":2.273418534706288,"rs_vs_bench":-4.9853431475144205},"GOOG":{"current":300.79998779296875,"sma_20":296.23999938964846,"sma_50":308.8304248046875,"sma_200":266.4024747467041,"rsi":52.46177956103402,"avg_vol_20":19731484.55,"current_vol":"11862791","vol_ratio":0.6012112758135069,"high_52w":344.6571960449219,"low_52w":146.07501220703125,"off_high":-12.724878155811629,"off_low":105.9215900435091,"trend_signals":["Golden Cross","Above 20d","Below 50d"],"macd":-4.271077676376478,"macd_signal":-5.829159842643543,"macd_histogram":1.5580821662670647,"macd_crossover":null,"bb_upper":318.115561857636,"bb_lower":274.3644369216609,"bb_width":14.768810770360776,"bb_pct_b":0.6042256264265965,"atr":7.804808072279063,"atr_pct":2.594683639964397,"rs_vs_bench":1.6740519789853914},"AAPL":{"current":251.6300048828125,"sma_20":253.06799926757813,"sma_50":260.5953051757813,"sma_200":249.40126739501954,"rsi":44.740560809563576,"avg_vol_20":39858913.05,"current_vol":"45660861","vol_ratio":1.1455621216444587,"high_52w":285.9224548339844,"low_52w":171.67178344726562,"off_high":-11.993619029006714,"off_low":46.576216446256325,"trend_signals":["Golden Cross","Below 20d","Below 50d"],"macd":-1.8136854540011313,"macd_signal":-2.67799635595136,"macd_histogram":0.8643109019502289,"macd_crossover":null,"bb_upper":261.0843175510271,"bb_lower":245.05168098412918,"bb_width":6.335307748628466,"bb_pct_b":0.4103083027694513,"atr":6.185416021457009,"atr_pct":2.458139292385914,"rs_vs_bench":0.1440568886338367},"NVDA":{"current":176.24000549316406,"sma_20":177.29299926757812,"sma_50":182.2721728515625,"sma_200":180.12176918029786,"rsi":47.747567851714265,"avg_vol_20":170731360.0,"current_vol":"98578000","vol_ratio":0.577386603140747,"high_52w":207.01727294921875,"low_52w":96.27731323242188,"off_high":-14.867004582561735,"off_low":83.05455311959655,"trend_signals":["Golden Cross","Below 20d","Below 50d"],"macd":-2.2460719127508924,"macd_signal":-2.720121235426981,"macd_histogram":0.47404932267608846,"macd_crossover":null,"bb_upper":188.1911032060246,"bb_lower":166.39489532913166,"bb_width":12.293890885108876,"bb_pct_b":0.45168912957880236,"atr":5.305073506593034,"atr_pct":3.0101414782348073,"rs_vs_bench":-0.9401381392765025}}