{"AMZN":{"current":248.26010131835938,"sma_20":219.25850524902344,"sma_50":213.86380249023438,"sma_200":225.4268005371094,"rsi":75.30775416245322,"avg_vol_20":45440052.25,"current_vol":"22317945","vol_ratio":0.49115139386751033,"high_52w":254.0,"low_52w":167.32000732421875,"off_high":-2.259802630567175,"off_low":48.374426518701775,"trend_signals":["Death Cross","Above 20d","Above 50d"],"macd":9.06334111133856,"macd_signal":4.542945888589806,"macd_histogram":4.520395222748753,"macd_crossover":null,"bb_upper":252.97391654122077,"bb_lower":185.5430939568261,"bb_width":30.754028222444518,"bb_pct_b":0.930094057254578,"atr":6.601979757606851,"atr_pct":2.6592995501684427,"rs_vs_bench":10.83013381005571},"GOOG":{"current":334.8900146484375,"sma_20":302.68799896240233,"sma_50":306.89275939941405,"sma_200":271.7462427520752,"rsi":72.10335667010804,"avg_vol_20":19819158.8,"current_vol":"6290576","vol_ratio":0.3173987384368705,"high_52w":344.6571960449219,"low_52w":149.3437042236328,"off_high":-2.8338829157106415,"off_low":124.24113315614613,"trend_signals":["Golden Cross","Above 20d","Above 50d"],"macd":7.098683697999547,"macd_signal":1.8110463624086932,"macd_histogram":5.287637335590854,"macd_crossover":null,"bb_upper":339.9325694950149,"bb_lower":265.4434284297898,"bb_width":24.609215205283906,"bb_pct_b":0.932304832966701,"atr":7.852487368896088,"atr_pct":2.344795910722961,"rs_vs_bench":1.4466612158901668},"MSFT":{"current":418.79998779296875,"sma_20":378.1654968261719,"sma_50":391.88240234375,"sma_200":470.7693074035644,"rsi":70.2630625078935,"avg_vol_20":33396424.7,"current_vol":"22819194","vol_ratio":0.68328254311606,"high_52w":539.8251953125,"low_52w":356.3916015625,"off_high":-22.41933288228069,"off_low":17.511183191987833,"trend_signals":["Death Cross","Above 20d","Above 50d"],"macd":1.121551987901455,"macd_signal":-5.405416448762613,"macd_histogram":6.526968436664068,"macd_crossover":null,"bb_upper":409.0672326400309,"bb_lower":347.26376101231284,"bb_width":16.34296945290245,"bb_pct_b":1.1574791010376322,"atr":9.789952936306323,"atr_pct":2.3376201579895763,"rs_vs_bench":-0.4360338194800084},"NVDA":{"current":198.52000427246094,"sma_20":180.29099960327147,"sma_50":182.74539733886718,"sma_200":181.516150970459,"rsi":69.18232580378188,"avg_vol_20":161485776.05,"current_vol":"74259421","vol_ratio":0.45985115727472764,"high_52w":207.01727294921875,"low_52w":96.88717651367188,"off_high":-4.104618206830591,"off_low":104.89812110939936,"trend_signals":["Golden Cross","Above 20d","Above 50d"],"macd":3.9154431422828964,"macd_signal":0.9589373443953346,"macd_histogram":2.9565057978875617,"macd_crossover":null,"bb_upper":199.58216398647983,"bb_lower":160.99983522006312,"bb_width":21.400030423768648,"bb_pct_b":0.9724703057596817,"atr":5.270140733354763,"atr_pct":2.654715202464786,"rs_vs_bench":3.0871521909874957},"AAPL":{"current":263.4150085449219,"sma_20":255.32324981689453,"sma_50":260.67437072753904,"sma_200":251.5127054595947,"rsi":57.45185588798277,"avg_vol_20":41780436.5,"current_vol":"21884430","vol_ratio":0.5237961073001236,"high_52w":285.9224548339844,"low_52w":192.32177734375,"off_high":-7.871870819705657,"off_low":36.96577277054903,"trend_signals":["Golden Cross","Above 20d","Above 50d"],"macd":1.2829561914145984,"macd_signal":-0.2182896653215613,"macd_histogram":1.5012458567361597,"macd_crossover":null,"bb_upper":266.13024635531394,"bb_lower":244.51625327847512,"bb_width":8.465344653234414,"bb_pct_b":0.8743759285598334,"atr":5.8969519328130415,"atr_pct":2.2386544963353505,"rs_vs_bench":-2.285012956168675}}