{"AMZN":{"current":221.25,"sma_20":209.70649948120118,"sma_50":213.71580017089843,"sma_200":224.60350006103516,"rsi":60.68937294979297,"avg_vol_20":42055776.55,"current_vol":"47177831","vol_ratio":1.121791936094924,"high_52w":254.0,"low_52w":167.32000732421875,"off_high":-12.893700787401574,"off_low":32.23164613618514,"trend_signals":["Death Cross","Above 20d","Above 50d"],"macd":0.10644349963803279,"macd_signal":-1.5016615810187648,"macd_histogram":1.6081050806567976,"macd_crossover":null,"bb_upper":219.19987466595072,"bb_lower":200.21312429645164,"bb_width":9.053963714272536,"bb_pct_b":1.1079766307636651,"atr":6.223107008938674,"atr_pct":2.812703732853638,"rs_vs_bench":4.181739251916971},"GOOG":{"current":314.739990234375,"sma_20":296.78699951171876,"sma_50":308.5207214355469,"sma_200":267.1550592041016,"rsi":61.80773123583642,"avg_vol_20":20317570.9,"current_vol":"20653218","vol_ratio":1.0165200407889312,"high_52w":344.6571960449219,"low_52w":149.3437042236328,"off_high":-8.680278884021192,"off_low":110.74875025402586,"trend_signals":["Golden Cross","Above 20d","Above 50d"],"macd":-2.063536513819031,"macd_signal":-5.036085324032782,"macd_histogram":2.972548810213751,"macd_crossover":null,"bb_upper":319.88130563504666,"bb_lower":273.69269338839086,"bb_width":15.5628825799804,"bb_pct_b":0.8886886799452628,"atr":8.471276932754645,"atr_pct":2.6915159165018734,"rs_vs_bench":2.1866783165002235},"NVDA":{"current":182.0800018310547,"sma_20":177.2519989013672,"sma_50":182.22177459716798,"sma_200":180.3223391723633,"rsi":54.603843189668424,"avg_vol_20":170812195.2,"current_vol":"146778304","vol_ratio":0.8592963975911716,"high_52w":207.01727294921875,"low_52w":96.88717651367188,"off_high":-12.045985710709834,"off_low":87.92992879234245,"trend_signals":["Golden Cross","Above 20d","Below 50d"],"macd":-1.4506146617871423,"macd_signal":-2.44247983628044,"macd_histogram":0.9918651744932978,"macd_crossover":null,"bb_upper":187.82325258602958,"bb_lower":166.6807452167048,"bb_width":11.927937343651426,"bb_pct_b":0.7283552676771131,"atr":5.476699861669948,"atr_pct":3.0078535844653467,"rs_vs_bench":-1.9857796431424934},"MSFT":{"current":374.3299865722656,"sma_20":380.26549835205077,"sma_50":397.9440264892578,"sma_200":473.7225531005859,"rsi":40.94667300228057,"avg_vol_20":31301681.5,"current_vol":"31084630","vol_ratio":0.9930658198026837,"high_52w":539.8251953125,"low_52w":356.3916015625,"off_high":-30.65718498826841,"off_low":5.033335502609982,"trend_signals":["Death Cross","Below 20d","Below 50d"],"macd":-9.325830392108003,"macd_signal":-10.500924110152855,"macd_histogram":1.1750937180448524,"macd_crossover":null,"bb_upper":409.47151314942766,"bb_lower":351.0594835546739,"bb_width":15.360854415636673,"bb_pct_b":0.39838545551380333,"atr":8.795599856454896,"atr_pct":2.349691494661189,"rs_vs_bench":-7.407917821189935},"AAPL":{"current":258.8999938964844,"sma_20":253.06499938964845,"sma_50":260.7072802734375,"sma_200":249.70316673278808,"rsi":53.82856658684821,"avg_vol_20":41136495.2,"current_vol":"39655304","vol_ratio":0.9639932572573658,"high_52w":285.9224548339844,"low_52w":189.59365844726562,"off_high":-9.450975423805065,"off_low":36.5551970550196,"trend_signals":["Golden Cross","Above 20d","Below 50d"],"macd":-1.1441083744583125,"macd_signal":-2.347351116380668,"macd_histogram":1.2032427419223555,"macd_crossover":null,"bb_upper":260.7031830485421,"bb_lower":245.4268157307548,"bb_width":6.036538974030934,"bb_pct_b":0.8819621763115018,"atr":6.190022704549744,"atr_pct":2.390893337380569,"rs_vs_bench":-0.5948031194946246}}