{"AMZN":{"current":213.77000427246094,"sma_20":209.3604995727539,"sma_50":214.05920013427735,"sma_200":224.5457000732422,"rsi":53.764621966683094,"avg_vol_20":41408331.55,"current_vol":"26704731","vol_ratio":0.6449120261644544,"high_52w":254.0,"low_52w":167.32000732421875,"off_high":-15.83858099509412,"off_low":27.761173150223005,"trend_signals":["Death Cross","Above 20d","Below 50d"],"macd":-0.8934169705170518,"macd_signal":-1.9036877081432064,"macd_histogram":1.0102707376261546,"macd_crossover":null,"bb_upper":217.48868147487264,"bb_lower":201.23231767063515,"bb_width":7.764771213964508,"bb_pct_b":0.7712479096067987,"atr":5.761038593777431,"atr_pct":2.6949705190793227,"rs_vs_bench":2.7724073236216618},"GOOG":{"current":303.92999267578125,"sma_20":296.39649963378906,"sma_50":308.89302490234377,"sma_200":266.41812446594236,"rsi":54.805228498600165,"avg_vol_20":19966795.3,"current_vol":"16569006","vol_ratio":0.8298280095053611,"high_52w":344.6571960449219,"low_52w":146.07501220703125,"off_high":-11.816727994221925,"off_low":108.06432810357947,"trend_signals":["Golden Cross","Above 20d","Below 50d"],"macd":-4.021390665481761,"macd_signal":-5.779222425603855,"macd_histogram":1.7578317601220945,"macd_crossover":null,"bb_upper":318.45345349183305,"bb_lower":274.3395457757451,"bb_width":14.883410489190204,"bb_pct_b":0.6707736501258714,"atr":7.934093584888575,"atr_pct":2.6105003705087793,"rs_vs_bench":2.0562639326622945},"NVDA":{"current":178.10000610351562,"sma_20":177.3859992980957,"sma_50":182.30937286376954,"sma_200":180.13106925964357,"rsi":49.93044057163476,"avg_vol_20":172051534.7,"current_vol":"124981494","vol_ratio":0.7264189431261144,"high_52w":207.01727294921875,"low_52w":96.27731323242188,"off_high":-13.968528535682392,"off_low":84.98647305784966,"trend_signals":["Golden Cross","Above 20d","Below 50d"],"macd":-2.09769578977955,"macd_signal":-2.6904460033282493,"macd_histogram":0.5927502135486993,"macd_crossover":null,"bb_upper":188.27801147441704,"bb_lower":166.49398712177435,"bb_width":12.280577068562677,"bb_pct_b":0.5327766253774551,"atr":5.345430790205379,"atr_pct":3.001364742850428,"rs_vs_bench":-0.5709926105255003},"MSFT":{"current":372.2900085449219,"sma_20":381.8369995117188,"sma_50":399.84160766601565,"sma_200":474.22411697387696,"rsi":38.80400253062488,"avg_vol_20":31284914.95,"current_vol":"20486199","vol_ratio":0.6548267442229374,"high_52w":539.8251953125,"low_52w":351.8662414550781,"off_high":-31.035081026663363,"off_low":5.804412212261402,"trend_signals":["Death Cross","Below 20d","Below 50d"],"macd":-10.096102650166017,"macd_signal":-10.794697290141002,"macd_histogram":0.6985946399749849,"macd_crossover":null,"bb_upper":413.0141036980649,"bb_lower":350.65989532537264,"bb_width":16.33005927985734,"bb_pct_b":0.3468909923491554,"atr":8.426084983151533,"atr_pct":2.2633121463787043,"rs_vs_bench":-5.2150330386703585},"AAPL":{"current":253.5,"sma_20":253.1614990234375,"sma_50":260.632705078125,"sma_200":249.41061775207518,"rsi":46.89959457340199,"avg_vol_20":40616918.05,"current_vol":"60820961","vol_ratio":1.4974292467273993,"high_52w":285.9224548339844,"low_52w":171.6717987060547,"off_high":-11.33959725297192,"off_low":47.66548839745996,"trend_signals":["Golden Cross","Above 20d","Below 50d"],"macd":-1.6645120146866361,"macd_signal":-2.6481616177060476,"macd_histogram":0.9836496030194115,"macd_crossover":null,"bb_upper":261.15077350598665,"bb_lower":245.17222454088835,"bb_width":6.311603078167513,"bb_pct_b":0.5211847131614944,"atr":6.185416035780449,"atr_pct":2.440006325751656,"rs_vs_bench":0.22343096527817075}}