{"AMZN":{"current":249.6999969482422,"sma_20":219.33050003051758,"sma_50":213.89260040283204,"sma_200":225.4340000152588,"rsi":76.17723088287961,"avg_vol_20":46412752.1,"current_vol":"41687942","vol_ratio":0.898200173740613,"high_52w":254.0,"low_52w":167.32000732421875,"off_high":-1.6929145873062255,"off_low":49.234990448210034,"trend_signals":["Death Cross","Above 20d","Above 50d"],"macd":9.178204587967656,"macd_signal":4.565918593544914,"macd_histogram":4.612285994422742,"macd_crossover":null,"bb_upper":253.31176648160195,"bb_lower":185.34923357943322,"bb_width":30.986357525612007,"bb_pct_b":0.9468564607714244,"atr":6.601979726316683,"atr_pct":2.6439646804181347,"rs_vs_bench":11.47344605584173},"GOOG":{"current":332.7699890136719,"sma_20":302.5819976806641,"sma_50":306.85035888671877,"sma_200":271.7356425476074,"rsi":70.01298697317891,"avg_vol_20":20197427.65,"current_vol":"13822453","vol_ratio":0.6843670015572504,"high_52w":344.6571960449219,"low_52w":149.34371948242188,"off_high":-3.4489942956829043,"off_low":122.82154895227431,"trend_signals":["Golden Cross","Above 20d","Above 50d"],"macd":6.929564851978512,"macd_signal":1.7772226034148635,"macd_histogram":5.152342248563649,"macd_crossover":null,"bb_upper":339.45084702824334,"bb_lower":265.7131483330848,"bb_width":24.369492983842047,"bb_pct_b":0.9093969823740903,"atr":7.948909854067445,"atr_pct":2.388709954773254,"rs_vs_bench":0.7068054626378615},"NVDA":{"current":198.35000610351562,"sma_20":180.28249969482422,"sma_50":182.74199737548827,"sma_200":181.51530082702638,"rsi":68.89941741896746,"avg_vol_20":164452379.1,"current_vol":"133187482","vol_ratio":0.8098847990457562,"high_52w":207.01727294921875,"low_52w":96.88717651367188,"off_high":-4.186736073868195,"off_low":104.72266118264496,"trend_signals":["Golden Cross","Above 20d","Above 50d"],"macd":3.90188204817278,"macd_signal":0.9562251425788916,"macd_histogram":2.9456569055938884,"macd_crossover":null,"bb_upper":199.5399658891003,"bb_lower":161.02503350054815,"bb_width":21.36365562589206,"bb_pct_b":0.9691039367905429,"atr":5.27014071592513,"atr_pct":2.6569904480742643,"rs_vs_bench":2.945522029277093},"MSFT":{"current":420.260009765625,"sma_20":378.2384979248047,"sma_50":391.91160278320314,"sma_200":470.77660888671875,"rsi":70.77958037361284,"avg_vol_20":34321999.45,"current_vol":"41060589","vol_ratio":1.1963344111061105,"high_52w":539.8252563476562,"low_52w":356.3916015625,"off_high":-22.148879693214887,"off_low":17.92085108715012,"trend_signals":["Death Cross","Above 20d","Above 50d"],"macd":1.238020995327247,"macd_signal":-5.382122624212389,"macd_histogram":6.620143619539636,"macd_crossover":null,"bb_upper":409.54861615733535,"bb_lower":346.928379692274,"bb_width":16.555754321314613,"bb_pct_b":1.1710532283643806,"atr":9.808525007241736,"atr_pct":2.333918236168094,"rs_vs_bench":-0.10715121232240854},"AAPL":{"current":263.3999938964844,"sma_20":255.32249908447267,"sma_50":260.6740704345703,"sma_200":251.51263038635253,"rsi":57.42977405772256,"avg_vol_20":42850424.4,"current_vol":"43105688","vol_ratio":1.005957084523065,"high_52w":285.9224548339844,"low_52w":192.32177734375,"off_high":-7.877122120603383,"off_low":36.957965725166616,"trend_signals":["Golden Cross","Above 20d","Above 50d"],"macd":1.281758429792717,"macd_signal":-0.2185292327519196,"macd_histogram":1.5002876625446366,"macd_crossover":null,"bb_upper":266.1271306615648,"bb_lower":244.51786750738052,"bb_width":8.463517015409968,"bb_pct_b":0.8737977900670632,"atr":5.896951897616274,"atr_pct":2.2387820934930485,"rs_vs_bench":-2.3374689968002063}}