{"AMZN":{"current":212.4398956298828,"sma_20":209.293994140625,"sma_50":214.03259796142578,"sma_200":224.5390495300293,"rsi":52.34255259776404,"avg_vol_20":40861051.75,"current_vol":"15843835","vol_ratio":0.3877490745205794,"high_52w":254.0,"low_52w":167.32000732421875,"off_high":-16.36224581500677,"off_low":26.96622419949726,"trend_signals":["Death Cross","Above 20d","Below 50d"],"macd":-0.9995225235267355,"macd_signal":-1.924908844497901,"macd_histogram":0.9253863209711655,"macd_crossover":null,"bb_upper":217.29097197558553,"bb_lower":201.29701630566444,"bb_width":7.641860788023724,"bb_pct_b":0.6966931479730271,"atr":5.702466684307389,"atr_pct":2.684272964548215,"rs_vs_bench":2.8388053802759883},"GOOG":{"current":300.9200134277344,"sma_20":296.2460006713867,"sma_50":308.8328253173828,"sma_200":266.40307456970214,"rsi":52.556115360288416,"avg_vol_20":19647115.25,"current_vol":"10191705","vol_ratio":0.5187379862293016,"high_52w":344.6571960449219,"low_52w":146.07501220703125,"off_high":-12.690053513778047,"off_low":106.00375716638122,"trend_signals":["Golden Cross","Above 20d","Below 50d"],"macd":-4.261502981849219,"macd_signal":-5.82724490371778,"macd_histogram":1.565741921868561,"macd_crossover":null,"bb_upper":318.12689560633197,"bb_lower":274.3651057364414,"bb_width":14.77211161356189,"bb_pct_b":0.6068057949696327,"atr":7.804808072228532,"atr_pct":2.5936487185831023,"rs_vs_bench":1.7625781994093814},"NVDA":{"current":175.69500732421875,"sma_20":177.26574935913087,"sma_50":182.26127288818358,"sma_200":180.1190446472168,"rsi":47.14407390874574,"avg_vol_20":170004640.0,"current_vol":"84384700","vol_ratio":0.4963670403348991,"high_52w":207.01727294921875,"low_52w":96.27731323242188,"off_high":-15.13026675444775,"off_low":82.48848189196514,"trend_signals":["Golden Cross","Below 20d","Below 50d"],"macd":-2.2895475504492993,"macd_signal":-2.728816363334349,"macd_histogram":0.4392688128850497,"macd_crossover":null,"bb_upper":188.17765604875368,"bb_lower":166.35384266950805,"bb_width":12.31135369249011,"bb_pct_b":0.4280262341133339,"atr":5.305073506841818,"atr_pct":3.0194788045696153,"rs_vs_bench":-1.1856933954240811},"AAPL":{"current":251.1750030517578,"sma_20":253.04524917602538,"sma_50":260.58620513916014,"sma_200":249.3989926147461,"rsi":44.24496587411825,"avg_vol_20":39643468.35,"current_vol":"41383967","vol_ratio":1.043903793548881,"high_52w":285.9224548339844,"low_52w":171.67176818847656,"off_high":-12.152753725621876,"off_low":46.31118774054655,"trend_signals":["Golden Cross","Below 20d","Below 50d"],"macd":-1.849981895951288,"macd_signal":-2.685255643816493,"macd_histogram":0.8352737478652053,"macd_crossover":null,"bb_upper":261.0813088270049,"bb_lower":245.00918952504588,"bb_width":6.351480359458862,"bb_pct_b":0.3836341313096396,"atr":6.185416021792713,"atr_pct":2.4625921953380567,"rs_vs_bench":0.019034058791922437},"MSFT":{"current":370.2900085449219,"sma_20":381.73699951171875,"sma_50":399.8016076660156,"sma_200":474.21411697387697,"rsi":37.563225362910764,"avg_vol_20":30870477.95,"current_vol":"12248859","vol_ratio":0.3967822921251532,"high_52w":539.8251953125,"low_52w":351.8662414550781,"off_high":-31.405571329332954,"off_low":5.236014405262536,"trend_signals":["Death Cross","Below 20d","Below 50d"],"macd":-10.255646824140229,"macd_signal":-10.826606143270418,"macd_histogram":0.5709593191301892,"macd_crossover":null,"bb_upper":413.0555466808774,"bb_lower":350.4184523425601,"bb_width":16.408442047387766,"bb_pct_b":0.31724901054686455,"atr":8.426085008225556,"atr_pct":2.275536691183322,"rs_vs_bench":-5.0209480722033675}}