{"AMZN":{"current":247.0399932861328,"sma_20":219.1974998474121,"sma_50":213.83940032958984,"sma_200":225.42069999694823,"rsi":73.64068879327667,"avg_vol_20":45095100.55,"current_vol":"15418911","vol_ratio":0.3419198718251888,"high_52w":254.0,"low_52w":167.32000732421875,"off_high":-2.740160123569759,"off_low":47.64522022010155,"trend_signals":["Death Cross","Above 20d","Above 50d"],"macd":8.966010556061235,"macd_signal":4.523479777534341,"macd_histogram":4.442530778526894,"macd_crossover":null,"bb_upper":252.69567457589935,"bb_lower":185.69932511892486,"bb_width":30.5643766482793,"bb_pct_b":0.9155822468596047,"atr":6.601979757606851,"atr_pct":2.672433588500038,"rs_vs_bench":10.281984252769714},"AAPL":{"current":262.7049865722656,"sma_20":255.28774871826172,"sma_50":260.66017028808596,"sma_200":251.50915565490723,"rsi":56.42589112146481,"avg_vol_20":41441233.8,"current_vol":"15100376","vol_ratio":0.36438046398126306,"high_52w":285.9224548339844,"low_52w":192.32176208496094,"off_high":-8.120197581263614,"off_low":36.59659922219924,"trend_signals":["Golden Cross","Above 20d","Above 50d"],"macd":1.2263162617216494,"macd_signal":-0.22961765157808883,"macd_histogram":1.4559339132997382,"macd_crossover":null,"bb_upper":265.9869503511865,"bb_lower":244.58854708533696,"bb_width":8.382072141450497,"bb_pct_b":0.8466257627662016,"atr":5.896951932612473,"atr_pct":2.2447049862109574,"rs_vs_bench":-2.533902799633526},"NVDA":{"current":199.5699005126953,"sma_20":180.3434944152832,"sma_50":182.76639526367188,"sma_200":181.52140029907227,"rsi":70.27888422010996,"avg_vol_20":160251840.3,"current_vol":"49580706","vol_ratio":0.3093924282378428,"high_52w":207.01727294921875,"low_52w":96.88717651367188,"off_high":-3.597464274563347,"off_low":105.98174876582738,"trend_signals":["Golden Cross","Above 20d","Above 50d"],"macd":3.9991955490799285,"macd_signal":0.9756878259689361,"macd_histogram":3.0235077231109924,"macd_crossover":null,"bb_upper":199.8480534258009,"bb_lower":160.8389354047655,"bb_width":21.63045478713403,"bb_pct_b":0.9928695410915056,"atr":5.270140733198518,"atr_pct":2.6407492911804438,"rs_vs_bench":3.7114370741908367},"GOOG":{"current":335.1199951171875,"sma_20":302.69949798583986,"sma_50":306.89735900878907,"sma_200":271.7473933410645,"rsi":72.20488045147096,"avg_vol_20":19694264.95,"current_vol":"3792699","vol_ratio":0.19257885529766877,"high_52w":344.6571960449219,"low_52w":149.34368896484375,"off_high":-2.767155607710369,"off_low":124.39515016672478,"trend_signals":["Golden Cross","Above 20d","Above 50d"],"macd":7.1170297169122705,"macd_signal":1.814715564431695,"macd_histogram":5.302314152480576,"macd_crossover":null,"bb_upper":339.98604862458194,"bb_lower":265.41294734709777,"bb_width":24.63601749381582,"bb_pct_b":0.9347478725701911,"atr":7.852487369135524,"atr_pct":2.3431867640095905,"rs_vs_bench":1.5581899526405643},"MSFT":{"current":415.44500732421875,"sma_20":377.99774780273435,"sma_50":391.815302734375,"sma_200":470.75253280639646,"rsi":69.00403677267258,"avg_vol_20":32995076.0,"current_vol":"14792220","vol_ratio":0.4483159850881992,"high_52w":539.8252563476562,"low_52w":356.3916015625,"off_high":-23.040835448301923,"off_low":16.56980846428914,"trend_signals":["Death Cross","Above 20d","Above 50d"],"macd":0.8539182197484934,"macd_signal":-5.458943200572564,"macd_histogram":6.312861420321058,"macd_crossover":null,"bb_upper":407.9938679540134,"bb_lower":348.0016276514553,"bb_width":15.871057605842207,"bb_pct_b":1.1242017189661047,"atr":9.74995311069283,"atr_pct":2.34686972735331,"rs_vs_bench":-1.2621469990463883}}