{"GOOG":{"current":316.3699951171875,"sma_20":297.1844985961914,"sma_50":308.1528381347656,"sma_200":267.9087245941162,"rsi":62.745070597127636,"avg_vol_20":20383876.65,"current_vol":"14468533","vol_ratio":0.7098028136860807,"high_52w":344.6571960449219,"low_52w":149.3437042236328,"off_high":-8.207343775885498,"off_low":111.84019558229473,"trend_signals":["Golden Cross","Above 20d","Above 50d"],"macd":-0.37606015247206415,"macd_signal":-4.1040802554527,"macd_histogram":3.7280201029806355,"macd_crossover":null,"bb_upper":321.36976913070913,"bb_lower":272.9992280616737,"bb_width":16.276266527198775,"bb_pct_b":0.896635970923173,"atr":8.43470539648851,"atr_pct":2.66608892330772,"rs_vs_bench":2.0465229136324536},"AAPL":{"current":260.489990234375,"sma_20":253.0489990234375,"sma_50":260.7565093994141,"sma_200":250.00117324829102,"rsi":55.663092921861164,"avg_vol_20":41205898.7,"current_vol":"26229474","vol_ratio":0.6365465825891573,"high_52w":285.9224548339844,"low_52w":189.59365844726562,"off_high":-8.894881870812235,"off_low":37.39383076825261,"trend_signals":["Golden Cross","Above 20d","Below 50d"],"macd":-0.5965090024780864,"macd_signal":-1.997182646155964,"macd_histogram":1.4006736436778777,"macd_crossover":null,"bb_upper":260.61991508851384,"bb_lower":245.47808295836114,"bb_width":5.983754999461686,"bb_pct_b":0.9914194759906162,"atr":6.108597557648484,"atr_pct":2.34504118647795,"rs_vs_bench":-0.4443162398983791},"AMZN":{"current":233.64999389648438,"sma_20":210.75649948120116,"sma_50":213.4952001953125,"sma_200":224.72940002441408,"rsi":68.98284720837088,"avg_vol_20":43788899.65,"current_vol":"64946893","vol_ratio":1.4831816629126007,"high_52w":254.0,"low_52w":167.32000732421875,"off_high":-8.011813426580956,"off_low":39.64259124357849,"trend_signals":["Death Cross","Above 20d","Above 50d"],"macd":1.8777703555472556,"macd_signal":-0.8257751383931193,"macd_histogram":2.703545493940375,"macd_crossover":null,"bb_upper":225.05163361348087,"bb_lower":196.46136534892145,"bb_width":13.565545231078197,"bb_pct_b":1.3007443023422782,"atr":6.681661104614949,"atr_pct":2.859688114340449,"rs_vs_bench":9.217771144368658},"NVDA":{"current":183.91000366210938,"sma_20":177.1459991455078,"sma_50":182.1297787475586,"sma_200":180.52115867614745,"rsi":56.609284163475806,"avg_vol_20":169090598.0,"current_vol":"109894060","vol_ratio":0.6499123032257536,"high_52w":207.01727294921875,"low_52w":96.88717651367188,"off_high":-11.16200061855591,"off_low":89.81872553191556,"trend_signals":["Golden Cross","Above 20d","Above 50d"],"macd":-0.7811278973385072,"macd_signal":-2.110209410348592,"macd_histogram":1.329081513010085,"macd_crossover":null,"bb_upper":187.3839080374989,"bb_lower":166.9080902535167,"bb_width":11.558724375797715,"bb_pct_b":0.8303411169195354,"atr":5.332642666426946,"atr_pct":2.899593583949028,"rs_vs_bench":-1.873258951351553},"MSFT":{"current":373.07000732421875,"sma_20":378.6749984741211,"sma_50":395.8157147216797,"sma_200":473.17193786621095,"rsi":40.014760333093605,"avg_vol_20":31546203.75,"current_vol":"28422375","vol_ratio":0.9009760802042623,"high_52w":539.8251953125,"low_52w":356.3916015625,"off_high":-30.890590034751558,"off_low":4.679797640740386,"trend_signals":["Death Cross","Below 20d","Below 50d"],"macd":-8.716574453997623,"macd_signal":-10.144054128145857,"macd_histogram":1.427479674148234,"macd_crossover":null,"bb_upper":405.6135876560397,"bb_lower":351.73640929220244,"bb_width":14.227815034247445,"bb_pct_b":0.3959672477268327,"atr":8.687342417767132,"atr_pct":2.3286091744752198,"rs_vs_bench":-9.457885988327952}}