{"AMZN":{"current":245.55999755859375,"sma_20":219.12350006103514,"sma_50":213.80980041503906,"sma_200":225.41330001831054,"rsi":71.71500428007523,"avg_vol_20":44919188.6,"current_vol":"11900672","vol_ratio":0.26493515067634144,"high_52w":254.0,"low_52w":167.32000732421875,"off_high":-3.3228356068528546,"off_low":46.76069018020545,"trend_signals":["Death Cross","Above 20d","Above 50d"],"macd":8.847948218821642,"macd_signal":4.499867310086422,"macd_histogram":4.34808090873522,"macd_crossover":null,"bb_upper":252.36828263066843,"bb_lower":185.87871749140186,"bb_width":30.343420546288474,"bb_pct_b":0.897603705817382,"atr":6.601979757606851,"atr_pct":2.688540406925006,"rs_vs_bench":10.009485603691058},"GOOG":{"current":334.2200012207031,"sma_20":302.6544982910156,"sma_50":306.87935913085937,"sma_200":271.74289291381837,"rsi":71.62969922787696,"avg_vol_20":19648159.05,"current_vol":"2870581","vol_ratio":0.14609923467613622,"high_52w":344.6571960449219,"low_52w":149.3437042236328,"off_high":-3.028282868888189,"off_low":123.7924946070908,"trend_signals":["Golden Cross","Above 20d","Above 50d"],"macd":7.045235332022344,"macd_signal":1.8003566874725252,"macd_histogram":5.244878644549819,"macd_crossover":null,"bb_upper":339.77811984905486,"bb_lower":265.53087673297637,"bb_width":24.53201374350184,"bb_pct_b":0.9251404039384715,"atr":7.85248736915949,"atr_pct":2.3494965413437594,"rs_vs_bench":1.700261965106976},"NVDA":{"current":197.45989990234375,"sma_20":180.2379943847656,"sma_50":182.72419525146483,"sma_200":181.51085029602052,"rsi":67.45509844640432,"avg_vol_20":159537762.3,"current_vol":"35299146","vol_ratio":0.22125887621278237,"high_52w":207.01727294921875,"low_52w":96.88717651367188,"off_high":-4.6167031913416325,"off_low":103.80395735289069,"trend_signals":["Golden Cross","Above 20d","Above 50d"],"macd":3.8308764120698413,"macd_signal":0.9420239985643534,"macd_histogram":2.888852413505488,"macd_crossover":null,"bb_upper":199.32299094817955,"bb_lower":161.15299782135168,"bb_width":21.177550969272296,"bb_pct_b":0.951189641568829,"atr":5.200139948467255,"atr_pct":2.633516957640032,"rs_vs_bench":2.966208486305132},"MSFT":{"current":415.4599914550781,"sma_20":377.99849700927734,"sma_50":391.8156024169922,"sma_200":470.752608795166,"rsi":69.00989684485205,"avg_vol_20":32866940.7,"current_vol":"12229514","vol_ratio":0.3720916440513126,"high_52w":539.8252563476562,"low_52w":356.3916015625,"off_high":-23.038059711027095,"off_low":16.574012864952252,"trend_signals":["Death Cross","Above 20d","Above 50d"],"macd":0.8551135350033405,"macd_signal":-5.458704137556348,"macd_histogram":6.313817672559688,"macd_crossover":null,"bb_upper":407.99855580637137,"bb_lower":347.9984382121833,"bb_width":15.873110096709048,"bb_pct_b":1.1243570170840718,"atr":9.749953110656824,"atr_pct":2.3467850842891673,"rs_vs_bench":-0.821847837981271},"AAPL":{"current":262.04998779296875,"sma_20":255.25499877929687,"sma_50":260.6470703125,"sma_200":251.50588066101074,"rsi":55.511400469077095,"avg_vol_20":41272004.1,"current_vol":"11715782","vol_ratio":0.2838675333432621,"high_52w":285.9224548339844,"low_52w":192.32177734375,"off_high":-8.349280246239049,"off_low":36.25601396382101,"trend_signals":["Golden Cross","Above 20d","Above 50d"],"macd":1.174065647093471,"macd_signal":-0.2400677741930456,"macd_histogram":1.4141334212865164,"macd_crossover":null,"bb_upper":265.86221933656486,"bb_lower":244.6477782220289,"bb_width":8.311077634518243,"bb_pct_b":0.8203001661455978,"atr":5.894094179603776,"atr_pct":2.249225130382519,"rs_vs_bench":-2.3605493778952713}}