{"AMZN":{"current":239.15460205078125,"sma_20":212.23772964477538,"sma_50":213.4180923461914,"sma_200":224.86132301330565,"rsi":71.82459964716902,"avg_vol_20":42531575.95,"current_vol":"18483619","vol_ratio":0.43458580095243327,"high_52w":254.0,"low_52w":167.32000732421875,"off_high":-5.844644861897145,"off_low":42.9324597072049,"trend_signals":["Death Cross","Above 20d","Above 50d"],"macd":3.6832769633646194,"macd_signal":0.07603528195842835,"macd_histogram":3.607241681406191,"macd_crossover":null,"bb_upper":231.33159007419013,"bb_lower":193.14386921536064,"bb_width":17.992899246870337,"bb_pct_b":1.204856739303999,"atr":6.639400425476715,"atr_pct":2.7761959705324544,"rs_vs_bench":11.769876057191176},"NVDA":{"current":188.4499969482422,"sma_20":177.4114990234375,"sma_50":182.06858581542969,"sma_200":180.72403198242188,"rsi":61.18990036363925,"avg_vol_20":163902585.4,"current_vol":"45865908","vol_ratio":0.2798363911592086,"high_52w":207.01727294921875,"low_52w":96.88717651367188,"off_high":-8.968950144334627,"off_low":94.50458123490652,"trend_signals":["Golden Cross","Above 20d","Above 50d"],"macd":0.11446519334464256,"macd_signal":-1.665274489894158,"macd_histogram":1.7797396832388006,"macd_crossover":null,"bb_upper":188.54052907033207,"bb_lower":166.28246897654293,"bb_width":12.546007567890891,"bb_pct_b":0.9959326139965295,"atr":5.2767469214445315,"atr_pct":2.800078008435198,"rs_vs_bench":1.1582292891168633},"GOOG":{"current":316.8699951171875,"sma_20":297.86749877929685,"sma_50":307.7693725585938,"sma_200":268.65625991821287,"rsi":63.04468595776585,"avg_vol_20":19730982.75,"current_vol":"2442855","vol_ratio":0.12380807539857587,"high_52w":344.6571960449219,"low_52w":149.3437042236328,"off_high":-8.062272091400828,"off_low":112.17499375982707,"trend_signals":["Golden Cross","Above 20d","Above 50d"],"macd":0.990208312801883,"macd_signal":-3.085222544179809,"macd_histogram":4.075430856981692,"macd_crossover":null,"bb_upper":323.49760915758594,"bb_lower":272.23738840100776,"bb_width":17.20906811473216,"bb_pct_b":0.8707064865781342,"atr":8.056462130268109,"atr_pct":2.542513413833519,"rs_vs_bench":1.7207844633871927},"AAPL":{"current":261.6000061035156,"sma_20":253.34099960327148,"sma_50":260.8645037841797,"sma_200":250.3107116699219,"rsi":56.949120673583785,"avg_vol_20":39545429.0,"current_vol":"5729580","vol_ratio":0.14488602462752395,"high_52w":285.9224548339844,"low_52w":189.59365844726562,"off_high":-8.506659172533732,"off_low":37.979301758280144,"trend_signals":["Golden Cross","Above 20d","Above 50d"],"macd":-0.07213208922757985,"macd_signal":-1.612172534768121,"macd_histogram":1.5400404455405412,"macd_crossover":null,"bb_upper":261.7556371831862,"bb_lower":244.92636202335677,"bb_width":6.642933905756998,"bb_pct_b":0.9907523599089963,"atr":5.870840502048648,"atr_pct":2.244205032520353,"rs_vs_bench":1.1987951911036188},"MSFT":{"current":373.3800048828125,"sma_20":377.2509994506836,"sma_50":393.67265075683594,"sma_200":472.6024415588379,"rsi":40.37431881786171,"avg_vol_20":30621040.05,"current_vol":"6831801","vol_ratio":0.2231080652010708,"high_52w":539.8252563476562,"low_52w":356.3916320800781,"off_high":-30.83317231042082,"off_low":4.766770954632637,"trend_signals":["Death Cross","Below 20d","Below 50d"],"macd":-8.115173880631517,"macd_signal":-9.738278076171648,"macd_histogram":1.6231041955401313,"macd_crossover":null,"bb_upper":401.946850007886,"bb_lower":352.5551488934812,"bb_width":13.092530221609538,"bb_pct_b":0.4216266198464231,"atr":8.391104283909794,"atr_pct":2.247336272477524,"rs_vs_bench":-8.995856041612404}}