{"AAPL":{"current":258.8299865722656,"sma_20":254.03949966430665,"sma_50":260.8571844482422,"sma_200":250.88856788635255,"rsi":53.0673568517616,"avg_vol_20":41597635.0,"current_vol":"48214600","vol_ratio":1.159070701976206,"high_52w":285.9224548339844,"low_52w":192.32177734375,"off_high":-9.475460147909507,"off_low":34.5817359568391,"trend_signals":["Golden Cross","Above 20d","Below 50d"],"macd":0.23715435857803868,"macd_signal":-0.9831407910125076,"macd_histogram":1.2202951495905463,"macd_crossover":null,"bb_upper":262.78305125919553,"bb_lower":245.29594806941776,"bb_width":6.883615820723002,"bb_pct_b":0.773943994952766,"atr":5.6780613394489405,"atr_pct":2.193741696873913,"rs_vs_bench":-2.513866833297951},"AMZN":{"current":249.02000427246094,"sma_20":215.67399978637695,"sma_50":213.5602005004883,"sma_200":225.1564500427246,"rsi":76.33136168089538,"avg_vol_20":46307660.0,"current_vol":"72499800","vol_ratio":1.5656113912903395,"high_52w":254.0,"low_52w":167.32000732421875,"off_high":-1.9606282391886072,"off_low":48.828587958360984,"trend_signals":["Death Cross","Above 20d","Above 50d"],"macd":6.8697990354248475,"macd_signal":2.2254058285586313,"macd_histogram":4.644393206866216,"macd_crossover":null,"bb_upper":243.01568566751163,"bb_lower":188.33231390524227,"bb_width":25.354642570005065,"bb_pct_b":1.1098015431647577,"atr":6.927029071394877,"atr_pct":2.7817159073757733,"rs_vs_bench":11.392368544306784},"GOOG":{"current":330.5799865722656,"sma_20":300.00549774169923,"sma_50":307.2079064941406,"sma_200":270.17374633789063,"rsi":70.19464023557691,"avg_vol_20":20162415.0,"current_vol":"18511800","vol_ratio":0.9181340628094402,"high_52w":344.6571960449219,"low_52w":149.3437042236328,"off_high":-4.084408982083594,"off_low":121.35515406611508,"trend_signals":["Golden Cross","Above 20d","Above 50d"],"macd":4.039984939451983,"macd_signal":-0.8318558525018589,"macd_histogram":4.871840791953842,"macd_crossover":null,"bb_upper":330.63486354428983,"bb_lower":269.37613193910863,"bb_width":20.41920300338101,"bb_pct_b":0.9991041771419968,"atr":8.25649410553003,"atr_pct":2.4975783292692277,"rs_vs_bench":2.518800162998591},"MSFT":{"current":393.1099853515625,"sma_20":376.22449798583983,"sma_50":391.9355914306641,"sma_200":471.55727325439454,"rsi":57.79782367354647,"avg_vol_20":32614165.0,"current_vol":"37335000","vol_ratio":1.144747995234586,"high_52w":539.8252563476562,"low_52w":356.3916015625,"off_high":-27.17828950589276,"off_low":10.30281960295387,"trend_signals":["Death Cross","Above 20d","Above 50d"],"macd":-4.890133160567473,"macd_signal":-8.328859274758008,"macd_histogram":3.438726114190535,"macd_crossover":null,"bb_upper":398.4846904751219,"bb_lower":353.96430549655776,"bb_width":11.833462524877843,"bb_pct_b":0.8792754122376246,"atr":8.94491533012419,"atr_pct":2.275423078384706,"rs_vs_bench":-5.900579591511423},"NVDA":{"current":196.50999450683594,"sma_20":178.53799896240236,"sma_50":182.116201171875,"sma_200":181.10763900756837,"rsi":68.06751068043175,"avg_vol_20":165454330.0,"current_vol":"160691000","vol_ratio":0.9712106053676565,"high_52w":207.01727294921875,"low_52w":96.88717651367188,"off_high":-5.07555639811768,"off_low":102.82353308036194,"trend_signals":["Golden Cross","Above 20d","Above 50d"],"macd":2.058600882812925,"macd_signal":-0.5090931633686029,"macd_histogram":2.5676940461815283,"macd_crossover":null,"bb_upper":193.2740637663871,"bb_lower":163.80193415841762,"bb_width":16.507482877175008,"bb_pct_b":1.109796298519732,"atr":5.418979942472724,"atr_pct":2.7576103475409823,"rs_vs_bench":3.6908242103134805}}