{"AMZN":{"current":249.6999969482422,"sma_20":219.33050003051758,"sma_50":213.89260040283204,"sma_200":225.4340000152588,"rsi":76.17723088287961,"avg_vol_20":46419600.0,"current_vol":"41824900","vol_ratio":0.9010181044214082,"high_52w":254.0,"low_52w":167.32000732421875,"off_high":-1.6929145873062255,"off_low":49.234990448210034,"trend_signals":["Death Cross","Above 20d","Above 50d"],"macd":9.178204587967656,"macd_signal":4.565918593544914,"macd_histogram":4.612285994422742,"macd_crossover":null,"bb_upper":253.31176648160195,"bb_lower":185.34923357943322,"bb_width":30.986357525612007,"bb_pct_b":0.9468564607714244,"atr":6.601979726316683,"atr_pct":2.6439646804181347,"rs_vs_bench":11.47344605584173},"GOOG":{"current":332.7699890136719,"sma_20":302.5819976806641,"sma_50":306.85035888671877,"sma_200":271.7356433105469,"rsi":70.0129869731018,"avg_vol_20":20202630.0,"current_vol":"13926500","vol_ratio":0.6893409422436584,"high_52w":344.6571960449219,"low_52w":149.3437042236328,"off_high":-3.4489942956829043,"off_low":122.82157171846342,"trend_signals":["Golden Cross","Above 20d","Above 50d"],"macd":6.929564851954353,"macd_signal":1.7772226033793308,"macd_histogram":5.152342248575023,"macd_crossover":null,"bb_upper":339.4508470282473,"bb_lower":265.7131483330808,"bb_width":24.36949298384468,"bb_pct_b":0.9093969823740461,"atr":7.948916393554279,"atr_pct":2.388711919940502,"rs_vs_bench":0.7068054626378615},"NVDA":{"current":198.35000610351562,"sma_20":180.28249969482422,"sma_50":182.74199737548827,"sma_200":181.51530097961427,"rsi":68.89941741686536,"avg_vol_20":164483005.0,"current_vol":"133800000","vol_ratio":0.8134579010153663,"high_52w":207.01727294921875,"low_52w":96.88717651367188,"off_high":-4.186736073868195,"off_low":104.72266118264496,"trend_signals":["Golden Cross","Above 20d","Above 50d"],"macd":3.901882048004069,"macd_signal":0.9562251423308561,"macd_histogram":2.9456569056732125,"macd_crossover":null,"bb_upper":199.53996588909993,"bb_lower":161.02503350054852,"bb_width":21.36365562589165,"bb_pct_b":0.9691039367905518,"atr":5.270140716081316,"atr_pct":2.6569904481530062,"rs_vs_bench":2.945522029277093},"AAPL":{"current":263.3999938964844,"sma_20":255.32249908447267,"sma_50":260.6740704345703,"sma_200":251.51263069152833,"rsi":57.42977405855695,"avg_vol_20":42858315.0,"current_vol":"43263500","vol_ratio":1.0094540580981777,"high_52w":285.9224548339844,"low_52w":192.32176208496094,"off_high":-7.877122120603383,"off_low":36.9579765913977,"trend_signals":["Golden Cross","Above 20d","Above 50d"],"macd":1.2817584295424922,"macd_signal":-0.2185292331198403,"macd_histogram":1.5002876626623325,"macd_crossover":null,"bb_upper":266.1271306615641,"bb_lower":244.51786750738125,"bb_width":8.46351701540939,"bb_pct_b":0.8737977900670887,"atr":5.896951897415693,"atr_pct":2.238782093416898,"rs_vs_bench":-2.3374689968002063},"MSFT":{"current":420.260009765625,"sma_20":378.2384979248047,"sma_50":391.91160278320314,"sma_200":470.7766078186035,"rsi":70.77958037336626,"avg_vol_20":34345315.0,"current_vol":"41526900","vol_ratio":1.2090994070079135,"high_52w":539.8252563476562,"low_52w":356.3916015625,"off_high":-22.148879693214887,"off_low":17.92085108715012,"trend_signals":["Death Cross","Above 20d","Above 50d"],"macd":1.2380209953495864,"macd_signal":-5.382122624179515,"macd_histogram":6.6201436195291015,"macd_crossover":null,"bb_upper":409.5486161573383,"bb_lower":346.92837969227105,"bb_width":16.555754321316176,"bb_pct_b":1.1710532283643174,"atr":9.80852500725391,"atr_pct":2.3339182361709914,"rs_vs_bench":-0.10715121232240854}}