{"NVDA":{"current":188.639892578125,"sma_20":177.42099380493164,"sma_50":182.07238372802735,"sma_200":180.72498146057129,"rsi":61.36051574083678,"avg_vol_20":168666944.4,"current_vol":"140755188","vol_ratio":0.8345155507542353,"high_52w":207.01727294921875,"low_52w":96.88717651367188,"off_high":-8.877220779350964,"off_low":94.70057789485256,"trend_signals":["Golden Cross","Above 20d","Above 50d"],"macd":0.12961356267996393,"macd_signal":-1.662244816027151,"macd_histogram":1.791858378707115,"macd_crossover":null,"bb_upper":188.5899291435603,"bb_lower":166.25205846630297,"bb_width":12.590319892930523,"bb_pct_b":1.0022367142905684,"atr":5.386746441882501,"atr_pct":2.8555711987863783,"rs_vs_bench":1.6227887052277623},"MSFT":{"current":370.8299865722656,"sma_20":377.1234985351563,"sma_50":393.621650390625,"sma_200":472.5896911621094,"rsi":38.34395126863804,"avg_vol_20":31391100.4,"current_vol":"22148908","vol_ratio":0.705579215693885,"high_52w":539.8251953125,"low_52w":356.3916015625,"off_high":-31.305543017940195,"off_low":4.051269711874392,"trend_signals":["Death Cross","Below 20d","Below 50d"],"macd":-8.318594146664623,"macd_signal":-9.77896213184551,"macd_histogram":1.4603679851808877,"macd_crossover":null,"bb_upper":401.9295826479521,"bb_lower":352.31741442236046,"bb_width":13.155416837799269,"bb_pct_b":0.3731457989444565,"atr":8.467533378528442,"atr_pct":2.283400395096778,"rs_vs_bench":-9.281324501237853},"AMZN":{"current":238.3000030517578,"sma_20":212.19499969482422,"sma_50":213.40100036621095,"sma_200":224.85705001831056,"rsi":71.41805137761698,"avg_vol_20":44019908.95,"current_vol":"47952379","vol_ratio":1.0893338978612312,"high_52w":254.0,"low_52w":167.32000732421875,"off_high":-6.18110116072527,"off_low":42.42170249849437,"trend_signals":["Death Cross","Above 20d","Above 50d"],"macd":3.615103823841366,"macd_signal":0.062400654053777704,"macd_histogram":3.5527031697875886,"macd_crossover":null,"bb_upper":231.0373998772348,"bb_lower":193.35259951241363,"bb_width":17.7595138523617,"bb_pct_b":1.1927196934630084,"atr":6.688685224235086,"atr_pct":2.806833881064756,"rs_vs_bench":11.717566426516912},"GOOG":{"current":315.6099853515625,"sma_20":297.80449829101565,"sma_50":307.7441723632812,"sma_200":268.649959564209,"rsi":61.981240813309235,"avg_vol_20":20044112.6,"current_vol":"8676652","vol_ratio":0.43287783166813776,"high_52w":344.6571960449219,"low_52w":149.3437042236328,"off_high":-8.427855569733534,"off_low":111.33129581341868,"trend_signals":["Golden Cross","Above 20d","Above 50d"],"macd":0.8896947132850528,"macd_signal":-3.105325264057512,"macd_histogram":3.9950199773425648,"macd_crossover":null,"bb_upper":323.2434188737885,"bb_lower":272.36557770824277,"bb_width":17.084309155004014,"bb_pct_b":0.8499654594740282,"atr":8.187175456890722,"atr_pct":2.5940799838037156,"rs_vs_bench":1.6620234779423537},"AAPL":{"current":260.3949890136719,"sma_20":253.2807487487793,"sma_50":260.8404034423828,"sma_200":250.30468658447265,"rsi":55.52114575395468,"avg_vol_20":40278146.0,"current_vol":"20346820","vol_ratio":0.5051578093986749,"high_52w":285.9224548339844,"low_52w":189.5936737060547,"off_high":-8.928108089703747,"off_low":37.34371190960057,"trend_signals":["Golden Cross","Above 20d","Below 50d"],"macd":-0.16825880864536202,"macd_signal":-1.631397878651713,"macd_histogram":1.463139070006351,"macd_crossover":null,"bb_upper":261.46036489635156,"bb_lower":245.10113260120704,"bb_width":6.458932380751407,"bb_pct_b":0.9348761687921079,"atr":5.898476348867914,"atr_pct":2.265203478457958,"rs_vs_bench":1.076227763176818}}