{"GOOG":{"current":333.9750061035156,"sma_20":303.99424743652344,"sma_50":306.86775268554686,"sma_200":272.5229554748535,"rsi":70.60672358288781,"avg_vol_20":19731407.55,"current_vol":"5975251","vol_ratio":0.3028294349938558,"high_52w":344.6571960449219,"low_52w":149.34368896484375,"off_high":-3.0993665775700086,"off_low":123.6284696182475,"trend_signals":["Golden Cross","Above 20d","Above 50d"],"macd":7.852777740566182,"macd_signal":2.9923336324317917,"macd_histogram":4.8604441081343905,"macd_crossover":null,"bb_upper":343.4442937993156,"bb_lower":264.5442010737313,"bb_width":25.954469004239716,"bb_pct_b":0.8799838204406898,"atr":7.575064960813514,"atr_pct":2.268153251703399,"rs_vs_bench":0.2189850696578084},"NVDA":{"current":200.60499572753906,"sma_20":181.38474960327147,"sma_50":183.27048583984376,"sma_200":181.751953125,"rsi":70.61593255849343,"avg_vol_20":159390641.7,"current_vol":"69121234","vol_ratio":0.4336592993338831,"high_52w":207.01727294921875,"low_52w":96.88717651367188,"off_high":-3.0974599995105803,"off_low":107.05009986458984,"trend_signals":["Golden Cross","Above 20d","Above 50d"],"macd":4.637800394804998,"macd_signal":1.6925401930241075,"macd_histogram":2.9452602017808904,"macd_crossover":null,"bb_upper":202.64640401352193,"bb_lower":160.12309519302102,"bb_width":23.443706768903553,"bb_pct_b":0.9519931928486551,"atr":5.131558277092266,"atr_pct":2.5580411188073944,"rs_vs_bench":4.601234215733552},"MSFT":{"current":430.1499938964844,"sma_20":380.2949981689453,"sma_50":392.2496667480469,"sma_200":470.48131729125976,"rsi":74.06570755210606,"avg_vol_20":33997829.95,"current_vol":"18189099","vol_ratio":0.535007646863061,"high_52w":539.8252563476562,"low_52w":356.3916015625,"off_high":-20.316808293337655,"off_low":20.69588396881722,"trend_signals":["Death Cross","Above 20d","Above 50d"],"macd":4.448195240766154,"macd_signal":-3.4160590511842814,"macd_histogram":7.864254291950435,"macd_crossover":null,"bb_upper":419.09411818494993,"bb_lower":341.4958781529407,"bb_width":20.40474905156033,"bb_pct_b":1.1424758565010482,"atr":9.889344824001316,"atr_pct":2.2990456734450606,"rs_vs_bench":1.0862029506352862},"AAPL":{"current":271.4552001953125,"sma_20":256.44725875854493,"sma_50":260.57854431152344,"sma_200":251.83395935058593,"rsi":65.16528332592367,"avg_vol_20":42213809.65,"current_vol":"21973993","vol_ratio":0.520540391454577,"high_52w":285.9224548339844,"low_52w":192.32177734375,"off_high":-5.059852555851908,"off_low":41.14636623294192,"trend_signals":["Golden Cross","Above 20d","Above 50d"],"macd":2.158251472614211,"macd_signal":0.256826908021774,"macd_histogram":1.9014245645924368,"macd_crossover":null,"bb_upper":269.0044655480378,"bb_lower":243.89005196905208,"bb_width":9.793208046193975,"bb_pct_b":1.097582794022527,"atr":6.070742268301795,"atr_pct":2.2363698554803464,"rs_vs_bench":-2.0946895679821544},"AMZN":{"current":254.16000366210938,"sma_20":221.60050048828126,"sma_50":214.31600036621094,"sma_200":225.6025,"rsi":78.09514364457698,"avg_vol_20":45571831.6,"current_vol":"19485232","vol_ratio":0.4275718424273296,"high_52w":254.16000366210938,"low_52w":167.32000732421875,"off_high":0.0,"off_low":51.90054538404324,"trend_signals":["Death Cross","Above 20d","Above 50d"],"macd":10.225085904180247,"macd_signal":5.69775205567198,"macd_histogram":4.527333848508267,"macd_crossover":null,"bb_upper":258.54498636791595,"bb_lower":184.65601460864653,"bb_width":33.343323501734076,"bb_pct_b":0.940654435954355,"atr":6.593266583546854,"atr_pct":2.5941401040866405,"rs_vs_bench":12.20028306470471}}