{"GOOG":{"current":339.4200134277344,"sma_20":304.26649780273436,"sma_50":306.9766528320313,"sma_200":272.55018074035644,"rsi":73.02051403915,"avg_vol_20":20015412.5,"current_vol":"11655350","vol_ratio":0.582318750612809,"high_52w":344.6571960449219,"low_52w":149.3437042236328,"off_high":-1.5195338084584478,"off_low":127.27440382721072,"trend_signals":["Golden Cross","Above 20d","Above 50d"],"macd":8.287137297934635,"macd_signal":3.079205542307763,"macd_histogram":5.207931755626872,"macd_crossover":null,"bb_upper":344.6517761293262,"bb_lower":263.8812194761425,"bb_width":26.54599084567957,"bb_pct_b":0.9352268584200031,"atr":7.86542227827273,"atr_pct":2.3173124645307195,"rs_vs_bench":2.168630906924074},"NVDA":{"current":200.6300048828125,"sma_20":181.38600006103516,"sma_50":183.27098602294922,"sma_200":181.75207832336426,"rsi":70.63390800730785,"avg_vol_20":161695950.2,"current_vol":"115227404","vol_ratio":0.7126177486664104,"high_52w":207.01727294921875,"low_52w":96.88717651367188,"off_high":-3.085379290052306,"off_low":107.07591252233605,"trend_signals":["Golden Cross","Above 20d","Above 50d"],"macd":4.639795427128519,"macd_signal":1.6929391994812355,"macd_histogram":2.946856227647283,"macd_crossover":null,"bb_upper":202.65241644518423,"bb_lower":160.1195836768861,"bb_width":23.44879580231447,"bb_pct_b":0.9524505792174949,"atr":5.1315582770984856,"atr_pct":2.557722251014157,"rs_vs_bench":4.74300877964029},"MSFT":{"current":421.0000915527344,"sma_20":379.83750305175784,"sma_50":392.06666870117186,"sma_200":470.43556777954103,"rsi":71.05404223796717,"avg_vol_20":34757978.85,"current_vol":"33392077","vol_ratio":0.9607024949323254,"high_52w":539.8252563476562,"low_52w":356.3916015625,"off_high":-22.01178314606246,"off_low":18.128510802997713,"trend_signals":["Death Cross","Above 20d","Above 50d"],"macd":3.7182885010890345,"macd_signal":-3.562040399125805,"macd_histogram":7.2803289002148395,"macd_crossover":null,"bb_upper":416.307284729839,"bb_lower":343.36772137367666,"bb_width":19.20283351963363,"bb_pct_b":1.0643382905924523,"atr":9.916485850067247,"atr_pct":2.3554593096389174,"rs_vs_bench":-1.182581600302802},"AAPL":{"current":270.2770080566406,"sma_20":256.38834915161135,"sma_50":260.55498046875,"sma_200":251.82806777954102,"rsi":64.21416721774725,"avg_vol_20":42965484.1,"current_vol":"37007482","vol_ratio":0.8613305022670511,"high_52w":285.9224548339844,"low_52w":192.32177734375,"off_high":-5.471919575686349,"off_low":40.533751190098386,"trend_signals":["Golden Cross","Above 20d","Above 50d"],"macd":2.064264635348536,"macd_signal":0.2380295405779332,"macd_histogram":1.826235094770603,"macd_crossover":null,"bb_upper":268.656841992813,"bb_lower":244.11985631040972,"bb_width":9.570242081434714,"bb_pct_b":1.066029547589847,"atr":6.111454897349388,"atr_pct":2.261181941184076,"rs_vs_bench":-2.4424928973492577},"AMZN":{"current":251.88999938964844,"sma_20":221.48700027465821,"sma_50":214.27060028076173,"sma_200":225.5911499786377,"rsi":77.15922386294663,"avg_vol_20":46275253.6,"current_vol":"33553672","vol_ratio":0.7250888842238565,"high_52w":254.0,"low_52w":167.32000732421875,"off_high":-0.8307089017132137,"off_low":50.543861082648064,"trend_signals":["Death Cross","Above 20d","Above 50d"],"macd":10.044002942274545,"macd_signal":5.66153546329084,"macd_histogram":4.382467478983705,"macd_crossover":null,"bb_upper":258.0219907880783,"bb_lower":184.95200976123812,"bb_width":32.99064095690885,"bb_pct_b":0.9160805667079965,"atr":6.593266583546854,"atr_pct":2.617518202200531,"rs_vs_bench":11.22225214898196}}