{"AMZN":{"current":250.55999755859375,"sma_20":221.42050018310547,"sma_50":214.24400024414064,"sma_200":225.5844999694824,"rsi":76.57275501836331,"avg_vol_20":47195985.0,"current_vol":"51897500","vol_ratio":1.0996168424072514,"high_52w":254.0,"low_52w":167.32000732421875,"off_high":-1.3543316698449803,"off_low":49.74897596859382,"trend_signals":["Death Cross","Above 20d","Above 50d"],"macd":9.93790595341926,"macd_signal":5.640316095135438,"macd_histogram":4.297589858283823,"macd_crossover":null,"bb_upper":257.72660999737246,"bb_lower":185.1143903688385,"bb_width":32.793810676286384,"bb_pct_b":0.9013029421846444,"atr":6.593266582364195,"atr_pct":2.6314122951020353,"rs_vs_bench":10.388865322093045},"GOOG":{"current":339.3999938964844,"sma_20":304.2654968261719,"sma_50":306.97625244140625,"sma_200":272.55008041381836,"rsi":73.01236567136753,"avg_vol_20":20415590.0,"current_vol":"19635800","vol_ratio":0.9618041898372763,"high_52w":344.6571960449219,"low_52w":149.34368896484375,"off_high":-1.5253423427005097,"off_low":127.26102204183589,"trend_signals":["Golden Cross","Above 20d","Above 50d"],"macd":8.28554031491808,"macd_signal":3.078886166829333,"macd_histogram":5.206654148088747,"macd_crossover":null,"bb_upper":344.6471073311533,"bb_lower":263.8838863211905,"bb_width":26.54366724206758,"bb_pct_b":0.9350309043020754,"atr":7.896493499205436,"atr_pct":2.3266039013582995,"rs_vs_bench":1.9761564137778418},"MSFT":{"current":422.7900085449219,"sma_20":379.9269989013672,"sma_50":392.10246704101564,"sma_200":470.44451736450196,"rsi":71.6969982834879,"avg_vol_20":35484755.0,"current_vol":"47812100","vol_ratio":1.347398340498617,"high_52w":539.8252563476562,"low_52w":356.3916015625,"off_high":-21.6802097394572,"off_low":18.630744016221623,"trend_signals":["Death Cross","Above 20d","Above 50d"],"macd":3.8610739400472767,"macd_signal":-3.5334832632143347,"macd_histogram":7.394557203261611,"macd_crossover":null,"bb_upper":416.82832530805365,"bb_lower":343.02567249468075,"bb_width":19.425482533957215,"bb_pct_b":1.0807787120057015,"atr":9.916485860138373,"atr_pct":2.34548727730512,"rs_vs_bench":-0.8996317153169056},"NVDA":{"current":201.67999267578125,"sma_20":181.4384994506836,"sma_50":183.2919857788086,"sma_200":181.7573282623291,"rsi":71.3692441589811,"avg_vol_20":163937385.0,"current_vol":"159843200","vol_ratio":0.9750259222446424,"high_52w":207.01727294921875,"low_52w":96.88717651367188,"off_high":-2.578181133101262,"off_low":108.15963467293518,"trend_signals":["Golden Cross","Above 20d","Above 50d"],"macd":4.723555157284409,"macd_signal":1.709691171147093,"macd_histogram":3.0138639861373155,"macd_crossover":null,"bb_upper":202.9091477315949,"bb_lower":159.96785116977227,"bb_width":23.667136077420228,"bb_pct_b":0.9713759212173753,"atr":5.132987152105553,"atr_pct":2.5451147057295325,"rs_vs_bench":5.165218165308927}}