{"GOOG":{"current":329.989990234375,"sma_20":299.9759979248047,"sma_50":307.1961065673828,"sma_200":270.17079689025877,"rsi":69.9351086368579,"avg_vol_20":19634535.95,"current_vol":"7985919","vol_ratio":0.4067281763285065,"high_52w":344.6571960449219,"low_52w":149.34368896484375,"off_high":-4.255592507238752,"off_low":120.96011724476439,"trend_signals":["Golden Cross","Above 20d","Above 50d"],"macd":3.992919690652684,"macd_signal":-0.8412689198793342,"macd_histogram":4.834188610532018,"macd_crossover":null,"bb_upper":330.4822656258743,"bb_lower":269.4697302237351,"bb_width":20.339139072531147,"bb_pct_b":0.991931569664256,"atr":8.23219993114992,"atr_pct":2.4946817099824785,"rs_vs_bench":2.809397447615658},"AMZN":{"current":248.2301025390625,"sma_20":215.63450469970704,"sma_50":213.54440246582033,"sma_200":225.15250053405762,"rsi":76.02426473837959,"avg_vol_20":44135464.2,"current_vol":"29147084","vol_ratio":0.6604005311447477,"high_52w":254.0,"low_52w":167.32000732421875,"off_high":-2.271613173597441,"off_low":48.35649753353341,"trend_signals":["Death Cross","Above 20d","Above 50d"],"macd":6.8067869201885,"macd_signal":2.212803391347356,"macd_histogram":4.593983528841145,"macd_crossover":null,"bb_upper":242.7749177649717,"bb_lower":188.49409163444238,"bb_width":25.172606863693208,"bb_pct_b":1.100499295293935,"atr":6.67345854883174,"atr_pct":2.6884163042963647,"rs_vs_bench":11.506595427261512},"MSFT":{"current":393.4800109863281,"sma_20":376.2429992675781,"sma_50":391.9429919433594,"sma_200":471.55912231445313,"rsi":58.02791541251478,"avg_vol_20":31583641.45,"current_vol":"16907029","vol_ratio":0.5353096800685724,"high_52w":539.8251953125,"low_52w":356.3916015625,"off_high":-27.10973581762036,"off_low":10.406645179410596,"trend_signals":["Death Cross","Above 20d","Above 50d"],"macd":-4.860615456851463,"macd_signal":-8.322955747656895,"macd_histogram":3.4623402908054324,"macd_crossover":null,"bb_upper":398.5628181937882,"bb_lower":353.92318034136804,"bb_width":11.864576334793977,"bb_pct_b":0.8861369076455333,"atr":8.929194442002927,"atr_pct":2.2692879416213043,"rs_vs_bench":-5.32665493817186},"AAPL":{"current":257.6199951171875,"sma_20":253.97900009155273,"sma_50":260.83298461914063,"sma_200":250.88251838684081,"rsi":51.22311895403731,"avg_vol_20":39924025.75,"current_vol":"15780515","vol_ratio":0.39526362142976024,"high_52w":285.9224548339844,"low_52w":192.32177734375,"off_high":-9.898648825336288,"off_low":33.95258648048239,"trend_signals":["Golden Cross","Above 20d","Below 50d"],"macd":0.14063082202881105,"macd_signal":-1.0024455004458341,"macd_histogram":1.1430763224746452,"macd_crossover":null,"bb_upper":262.5988551122717,"bb_lower":245.3591450708338,"bb_width":6.78784861552468,"bb_pct_b":0.7111981591849955,"atr":5.648775435829815,"atr_pct":2.1926774097097046,"rs_vs_bench":-2.5085288603559297},"NVDA":{"current":194.22999572753906,"sma_20":178.4239990234375,"sma_50":182.07060119628906,"sma_200":181.09623901367186,"rsi":66.36596815846694,"avg_vol_20":161160211.45,"current_vol":"75214729","vol_ratio":0.46670780785948146,"high_52w":207.01727294921875,"low_52w":96.88717651367188,"off_high":-6.176913181933568,"off_low":100.47028174067083,"trend_signals":["Golden Cross","Above 20d","Above 50d"],"macd":1.8767206448741547,"macd_signal":-0.545469202616816,"macd_histogram":2.4221898474909707,"macd_crossover":null,"bb_upper":192.5992654515697,"bb_lower":164.24873259530528,"bb_width":15.889416788904237,"bb_pct_b":1.0575202689923706,"atr":5.267544109299427,"atr_pct":2.7120137080621705,"rs_vs_bench":2.9188771638200883}}