{"AMZN":{"current":238.0,"sma_20":213.7154998779297,"sma_50":213.32800048828125,"sma_200":224.9875,"rsi":70.9669145845136,"avg_vol_20":43744954.1,"current_vol":"21273182","vol_ratio":0.4863002473695589,"high_52w":254.0,"low_52w":167.32000732421875,"off_high":-6.299212598425196,"off_low":42.242403527286164,"trend_signals":["Death Cross","Above 20d","Above 50d"],"macd":4.916060235055511,"macd_signal":1.0341536727210277,"macd_histogram":3.8819065623344833,"macd_crossover":null,"bb_upper":235.67138145054543,"bb_lower":191.75961830531395,"bb_width":20.54683126413997,"bb_pct_b":1.0530294932989372,"atr":6.465922493854769,"atr_pct":2.7167741570818356,"rs_vs_bench":10.19793037942398},"GOOG":{"current":317.0,"sma_20":298.5869995117188,"sma_50":307.3179406738281,"sma_200":269.37998664855957,"rsi":62.91101362395523,"avg_vol_20":19587504.3,"current_vol":"4424186","vol_ratio":0.22586777428301572,"high_52w":344.6571960449219,"low_52w":149.3437042236328,"off_high":-8.024552036719145,"off_low":112.2620445554989,"trend_signals":["Golden Cross","Above 20d","Above 50d"],"macd":1.9889042852406078,"macd_signal":-2.085075195414692,"macd_histogram":4.0739794806553,"macd_crossover":null,"bb_upper":325.4225497747492,"bb_lower":271.75144924868835,"bb_width":17.975029259086813,"bb_pct_b":0.8430710439660261,"atr":7.920156719432067,"atr_pct":2.4984721512404,"rs_vs_bench":1.9283748371833553},"NVDA":{"current":187.9499969482422,"sma_20":177.8054992675781,"sma_50":181.98119445800782,"sma_200":180.89325973510742,"rsi":60.32865820985242,"avg_vol_20":165154477.6,"current_vol":"71394752","vol_ratio":0.4322907440203729,"high_52w":207.01727294921875,"low_52w":96.88717651367188,"off_high":-9.210475884132507,"off_low":93.98851706832464,"trend_signals":["Golden Cross","Above 20d","Above 50d"],"macd":0.7860369552196858,"macd_signal":-1.1727146796123453,"macd_histogram":1.958751634832031,"macd_crossover":null,"bb_upper":189.87736552217962,"bb_lower":165.7336330129766,"bb_width":13.578732158823328,"bb_pct_b":0.920171059996512,"atr":5.281263671222314,"atr_pct":2.809930171308634,"rs_vs_bench":0.3775243861933397},"AAPL":{"current":257.6000061035156,"sma_20":253.65900039672852,"sma_50":260.8333331298828,"sma_200":250.58836921691895,"rsi":51.36222612712391,"avg_vol_20":39657352.2,"current_vol":"13601444","vol_ratio":0.34297408287384346,"high_52w":285.9224548339844,"low_52w":192.32179260253906,"off_high":-9.905639886490784,"off_low":33.94218232765929,"trend_signals":["Golden Cross","Above 20d","Below 50d"],"macd":-0.048542785366976204,"macd_signal":-1.3137417435164704,"macd_histogram":1.2651989581494942,"macd_crossover":null,"bb_upper":261.9284771591412,"bb_lower":245.38952363431582,"bb_width":6.5201524483491955,"bb_pct_b":0.7382862797740837,"atr":5.750220733276882,"atr_pct":2.2322284926368274,"rs_vs_bench":-0.31339649175075035},"MSFT":{"current":380.20001220703125,"sma_20":376.35800018310545,"sma_50":392.5761944580078,"sma_200":472.04375686645506,"rsi":48.10028041173975,"avg_vol_20":31184542.1,"current_vol":"16827742","vol_ratio":0.5396180564729215,"high_52w":539.8251953125,"low_52w":356.3916015625,"off_high":-29.569791201217114,"off_low":6.680407321651208,"trend_signals":["Death Cross","Above 20d","Below 50d"],"macd":-7.162056870770357,"macd_signal":-9.255070462225584,"macd_histogram":2.093013591455227,"macd_crossover":null,"bb_upper":399.6663735619179,"bb_lower":353.049626804293,"bb_width":12.386277622621273,"bb_pct_b":0.5824169915567388,"atr":8.649138787393136,"atr_pct":2.274891770041133,"rs_vs_bench":-7.142186274316475}}