{"AMZN":{"current":233.64999389648438,"sma_20":210.75649948120116,"sma_50":213.4952001953125,"sma_200":224.72940002441408,"rsi":68.98284720837088,"avg_vol_20":43816093.2,"current_vol":"65490764","vol_ratio":1.4946737423865073,"high_52w":254.0,"low_52w":167.32000732421875,"off_high":-8.011813426580956,"off_low":39.64259124357849,"trend_signals":["Death Cross","Above 20d","Above 50d"],"macd":1.8777703555472556,"macd_signal":-0.8257751383931193,"macd_histogram":2.703545493940375,"macd_crossover":null,"bb_upper":225.05163361348087,"bb_lower":196.46136534892145,"bb_width":13.565545231078197,"bb_pct_b":1.3007443023422782,"atr":6.681661104614949,"atr_pct":2.859688114340449,"rs_vs_bench":9.217771144368658},"AAPL":{"current":260.489990234375,"sma_20":253.0489990234375,"sma_50":260.7565093994141,"sma_200":250.0011728668213,"rsi":55.66309292262201,"avg_vol_20":41205898.7,"current_vol":"26229474","vol_ratio":0.6365465825891573,"high_52w":285.9224548339844,"low_52w":189.59365844726562,"off_high":-8.894881870812235,"off_low":37.39383076825261,"trend_signals":["Golden Cross","Above 20d","Below 50d"],"macd":-0.5965090028304587,"macd_signal":-1.9971826466741405,"macd_histogram":1.4006736438436818,"macd_crossover":null,"bb_upper":260.61991508850815,"bb_lower":245.4780829583668,"bb_width":5.983754999457204,"bb_pct_b":0.9914194759909851,"atr":6.108597557355606,"atr_pct":2.3450411863655165,"rs_vs_bench":-0.4443162398983791},"MSFT":{"current":373.07000732421875,"sma_20":378.6749984741211,"sma_50":395.8157147216797,"sma_200":473.17193908691405,"rsi":40.0147603304999,"avg_vol_20":31546203.75,"current_vol":"28422375","vol_ratio":0.9009760802042623,"high_52w":539.8252563476562,"low_52w":356.3916015625,"off_high":-30.890597848583134,"off_low":4.679797640740386,"trend_signals":["Death Cross","Below 20d","Below 50d"],"macd":-8.716574451927897,"macd_signal":-10.144054125105072,"macd_histogram":1.4274796731771744,"macd_crossover":null,"bb_upper":405.61358765603643,"bb_lower":351.73640929220574,"bb_width":14.227815034245705,"bb_pct_b":0.39596724772682,"atr":8.687342417660494,"atr_pct":2.328609174446636,"rs_vs_bench":-9.457885988327952},"GOOG":{"current":316.3699951171875,"sma_20":297.1844985961914,"sma_50":308.1528381347656,"sma_200":267.9087245178223,"rsi":62.745070608892384,"avg_vol_20":20387301.95,"current_vol":"14537039","vol_ratio":0.7130437875326607,"high_52w":344.6571960449219,"low_52w":149.34371948242188,"off_high":-8.207343775885498,"off_low":111.8401739380979,"trend_signals":["Golden Cross","Above 20d","Above 50d"],"macd":-0.3760601544610722,"macd_signal":-4.104080258373144,"macd_histogram":3.7280201039120717,"macd_crossover":null,"bb_upper":321.36976913070316,"bb_lower":272.9992280616797,"bb_width":16.27626652719476,"bb_pct_b":0.896635970923271,"atr":8.434705396804773,"atr_pct":2.666088923407686,"rs_vs_bench":2.0465229136324536},"NVDA":{"current":183.91000366210938,"sma_20":177.1459991455078,"sma_50":182.1297787475586,"sma_200":180.52115859985352,"rsi":56.60928416222475,"avg_vol_20":169380882.0,"current_vol":"115699740","vol_ratio":0.6830743743558969,"high_52w":207.01727294921875,"low_52w":96.88717651367188,"off_high":-11.16200061855591,"off_low":89.81872553191556,"trend_signals":["Golden Cross","Above 20d","Above 50d"],"macd":-0.7811278975673588,"macd_signal":-2.110209410684879,"macd_histogram":1.3290815131175204,"macd_crossover":null,"bb_upper":187.38390803750033,"bb_lower":166.90809025351527,"bb_width":11.55872437579932,"bb_pct_b":0.8303411169194895,"atr":5.332642666639933,"atr_pct":2.899593584064839,"rs_vs_bench":-1.873258951351553}}