{"AMZN":{"current":248.5,"sma_20":217.33899993896483,"sma_50":213.67100036621093,"sma_200":225.2824500274658,"rsi":75.64445286969713,"avg_vol_20":46197136.75,"current_vol":"42574235","vol_ratio":0.9215773529514251,"high_52w":254.0,"low_52w":167.32000732421875,"off_high":-2.1653543307086616,"off_low":48.51780368290173,"trend_signals":["Death Cross","Above 20d","Above 50d"],"macd":8.162611953040198,"macd_signal":3.4128470829026174,"macd_histogram":4.7497648701375805,"macd_crossover":null,"bb_upper":248.3664040862986,"bb_lower":186.31159579163108,"bb_width":28.552081454361307,"bb_pct_b":1.0021528696546291,"atr":6.663670273441393,"atr_pct":2.681557454101164,"rs_vs_bench":11.127483445185636},"GOOG":{"current":334.4700012207031,"sma_20":301.2584976196289,"sma_50":307.00416259765626,"sma_200":270.95674934387205,"rsi":71.91601686804422,"avg_vol_20":20192004.65,"current_vol":"14969693","vol_ratio":0.7413673510618968,"high_52w":344.6571960449219,"low_52w":149.34371948242188,"off_high":-2.9557470266458536,"off_low":123.9598708133629,"trend_signals":["Golden Cross","Above 20d","Above 50d"],"macd":5.773108462383561,"macd_signal":0.4891370263497725,"macd_histogram":5.283971436033789,"macd_crossover":null,"bb_upper":335.3611532641475,"bb_lower":267.15584197511026,"bb_width":22.640128603161845,"bb_pct_b":0.9869342720295213,"atr":8.111743130171382,"atr_pct":2.425252818060288,"rs_vs_bench":1.91771858117895},"NVDA":{"current":198.8699951171875,"sma_20":179.38499908447267,"sma_50":182.38160186767578,"sma_200":181.31336975097656,"rsi":69.77215316200945,"avg_vol_20":165236728.0,"current_vol":"177529760","vol_ratio":1.0743964864760576,"high_52w":207.01727294921875,"low_52w":96.88717651367188,"off_high":-3.935554611440454,"off_low":105.25935657658958,"trend_signals":["Golden Cross","Above 20d","Above 50d"],"macd":3.135426912307196,"macd_signal":0.21981089492331457,"macd_histogram":2.9156160173838814,"macd_crossover":null,"bb_upper":196.6690433858703,"bb_lower":162.10095478307503,"bb_width":19.270334074320854,"bb_pct_b":1.0636700442598153,"atr":5.364766286311,"atr_pct":2.697624789073747,"rs_vs_bench":2.959208237813482},"AAPL":{"current":266.42999267578125,"sma_20":254.64949951171874,"sma_50":260.79063232421873,"sma_200":251.21836807250978,"rsi":62.25878722569311,"avg_vol_20":42247764.8,"current_vol":"45208096","vol_ratio":1.0700707176820867,"high_52w":285.9224548339844,"low_52w":192.32179260253906,"off_high":-6.81739465671595,"off_low":38.53343870728033,"trend_signals":["Golden Cross","Above 20d","Above 50d"],"macd":0.9645572954869408,"macd_signal":-0.5936011295057302,"macd_histogram":1.558158424992671,"macd_crossover":null,"bb_upper":265.00306061666,"bb_lower":244.2959384067775,"bb_width":8.131617085282961,"bb_pct_b":1.0689102060951892,"atr":5.896770586813784,"atr_pct":2.2132532931416495,"rs_vs_bench":-0.6815725386337901},"MSFT":{"current":411.2200012207031,"sma_20":376.8149978637695,"sma_50":391.71187377929687,"sma_200":471.14799392700195,"rsi":67.25830772765421,"avg_vol_20":33461872.95,"current_vol":"43012959","vol_ratio":1.2854319022808913,"high_52w":539.8251953125,"low_52w":356.3916320800781,"off_high":-23.823488641975754,"off_low":15.384303166889602,"trend_signals":["Death Cross","Above 20d","Above 50d"],"macd":-1.870356073217465,"macd_signal":-7.0371585579323614,"macd_histogram":5.166802484714896,"macd_crossover":null,"bb_upper":402.08759828384615,"bb_lower":351.5423974436929,"bb_width":13.4137975204551,"bb_pct_b":1.180677943406294,"atr":9.824558442898228,"atr_pct":2.3891246568100066,"rs_vs_bench":-2.3198645493604175}}