{"AMZN":{"current":227.34500122070312,"sma_20":210.4412498474121,"sma_50":213.36910034179687,"sma_200":224.69787506103515,"rsi":65.25573199244914,"avg_vol_20":41274138.0,"current_vol":"14712360","vol_ratio":0.35645468840560646,"high_52w":254.0,"low_52w":167.32000732421875,"off_high":-10.494094007597194,"off_low":35.87436724179252,"trend_signals":["Death Cross","Above 20d","Above 50d"],"macd":1.3748079333195449,"macd_signal":-0.926367678151103,"macd_histogram":2.301175611470648,"macd_crossover":null,"bb_upper":222.7508117372701,"bb_lower":198.1316879575541,"bb_width":11.698810854605252,"bb_pct_b":1.1866106009515343,"atr":6.2213035467249425,"atr_pct":2.7365033377995385,"rs_vs_bench":7.187694987770054},"MSFT":{"current":367.3949890136719,"sma_20":378.39124755859376,"sma_50":395.70221435546875,"sma_200":473.143563079834,"rsi":36.29428248910207,"avg_vol_20":30542101.15,"current_vol":"8395723","vol_ratio":0.27489015764719255,"high_52w":539.8251953125,"low_52w":356.3916320800781,"off_high":-31.941859660516553,"off_low":3.0874341435495296,"trend_signals":["Death Cross","Below 20d","Below 50d"],"macd":-9.16928250734503,"macd_signal":-10.234595789601332,"macd_histogram":1.0653132822563016,"macd_crossover":null,"bb_upper":405.6954922055886,"bb_lower":351.0870029115989,"bb_width":14.431752754940133,"bb_pct_b":0.2986346319576331,"atr":8.68734263669349,"atr_pct":2.36457842280756,"rs_vs_bench":-9.891037938537306},"AAPL":{"current":257.8599853515625,"sma_20":252.91749877929686,"sma_50":260.7039093017578,"sma_200":249.9880234527588,"rsi":52.41011529297072,"avg_vol_20":40232318.45,"current_vol":"6782469","vol_ratio":0.1685826037698804,"high_52w":285.9224548339844,"low_52w":189.5936737060547,"off_high":-9.814713397979125,"off_low":36.00664004820522,"trend_signals":["Golden Cross","Above 20d","Below 50d"],"macd":-0.8063099991376816,"macd_signal":-2.039142892940353,"macd_histogram":1.2328328938026711,"macd_crossover":null,"bb_upper":260.0211753777083,"bb_lower":245.81382218088544,"bb_width":5.61738640679054,"bb_pct_b":0.8478822905149505,"atr":6.030740830531677,"atr_pct":2.338765676384203,"rs_vs_bench":-0.4935899545236211},"NVDA":{"current":182.4149932861328,"sma_20":177.07124862670898,"sma_50":182.09987854003907,"sma_200":180.51368354797364,"rsi":54.98469450211408,"avg_vol_20":165166533.55,"current_vol":"31852371","vol_ratio":0.19285003030203754,"high_52w":207.01727294921875,"low_52w":96.88717651367188,"off_high":-11.884167592682408,"off_low":88.27568296449634,"trend_signals":["Golden Cross","Above 20d","Above 50d"],"macd":-0.9003880140801641,"macd_signal":-2.1340614715213007,"macd_histogram":1.2336734574411365,"macd_crossover":null,"bb_upper":187.1213231185558,"bb_lower":167.02117413486215,"bb_width":11.351447024619784,"bb_pct_b":0.7658559726974647,"atr":5.215499907947806,"atr_pct":2.8591399281345633,"rs_vs_bench":-1.7105440016550344},"GOOG":{"current":310.9200134277344,"sma_20":296.91199951171876,"sma_50":308.04383850097656,"sma_200":267.88147468566893,"rsi":58.36624029148463,"avg_vol_20":19856411.05,"current_vol":"4100421","vol_ratio":0.20650363198439126,"high_52w":344.6571960449219,"low_52w":149.3437042236328,"off_high":-9.788619824084645,"off_low":108.19090770786775,"trend_signals":["Golden Cross","Above 20d","Above 50d"],"macd":-0.8108165515439509,"macd_signal":-4.1910315670119775,"macd_histogram":3.3802150154680266,"macd_crossover":null,"bb_upper":320.2966580109267,"bb_lower":273.5273410125108,"bb_width":15.751912039705203,"bb_pct_b":0.7995129032243528,"atr":8.24256243941416,"atr_pct":2.651023441220177,"rs_vs_bench":1.228130785462489}}