{"GOOG":{"current":313.3699951171875,"sma_20":297.0344985961914,"sma_50":308.0928381347656,"sma_200":267.89372467041017,"rsi":60.527766927466374,"avg_vol_20":19920970.7,"current_vol":"5391614","vol_ratio":0.27065016465287006,"high_52w":344.6571960449219,"low_52w":149.34368896484375,"off_high":-9.077773882793519,"off_low":109.83142795605939,"trend_signals":["Golden Cross","Above 20d","Above 50d"],"macd":-0.6153764167609097,"macd_signal":-4.151943540040293,"macd_histogram":3.536567123279383,"macd_crossover":null,"bb_upper":320.75143346208324,"bb_lower":273.3175637302995,"bb_width":15.969144983481701,"bb_pct_b":0.844384647792088,"atr":8.242562439391813,"atr_pct":2.630297274092701,"rs_vs_bench":1.7377372640068112},"MSFT":{"current":369.5950012207031,"sma_20":378.5012481689453,"sma_50":395.7462145996094,"sma_200":473.1545626831055,"rsi":37.651399981643216,"avg_vol_20":30656588.75,"current_vol":"10685475","vol_ratio":0.34855394666179224,"high_52w":539.8251953125,"low_52w":356.3916320800781,"off_high":-31.534318066286648,"off_low":3.704736012897833,"trend_signals":["Death Cross","Below 20d","Below 50d"],"macd":-8.99378295805866,"macd_signal":-10.199495879734496,"macd_histogram":1.2057129216758362,"macd_crossover":null,"bb_upper":405.63616519574003,"bb_lower":351.3663311421506,"bb_width":14.338085889049934,"bb_pct_b":0.33588954888921135,"atr":8.687342636658169,"atr_pct":2.3505032827731713,"rs_vs_bench":-9.641988892584465},"AMZN":{"current":229.4250030517578,"sma_20":210.54524993896484,"sma_50":213.41070037841797,"sma_200":224.70827507019044,"rsi":66.58052969755526,"avg_vol_20":41574941.5,"current_vol":"20728430","vol_ratio":0.49857989577688283,"high_52w":254.0,"low_52w":167.32000732421875,"off_high":-9.675195648914247,"off_low":37.11749522410502,"trend_signals":["Death Cross","Above 20d","Above 50d"],"macd":1.5407340053125154,"macd_signal":-0.893182463752509,"macd_histogram":2.433916469065024,"macd_crossover":null,"bb_upper":223.4756302889189,"bb_lower":197.6148695890108,"bb_width":12.282756655590614,"bb_pct_b":1.230054051072831,"atr":6.396654280890679,"atr_pct":2.788124308947969,"rs_vs_bench":7.881985461488305},"AAPL":{"current":257.82000732421875,"sma_20":252.91549987792968,"sma_50":260.70310974121094,"sma_200":249.9878229522705,"rsi":52.357080425654885,"avg_vol_20":40297514.0,"current_vol":"8086380","vol_ratio":0.2006669691832603,"high_52w":285.9224548339844,"low_52w":189.59365844726562,"off_high":-9.828695520288113,"off_low":35.98556483149983,"trend_signals":["Golden Cross","Above 20d","Below 50d"],"macd":-0.8094991295124316,"macd_signal":-2.0397807190005395,"macd_histogram":1.2302815894881078,"macd_crossover":null,"bb_upper":260.0133407263995,"bb_lower":245.8176590294598,"bb_width":5.612816021078699,"bb_pct_b":0.845492914746489,"atr":6.030740830534524,"atr_pct":2.3391283295367495,"rs_vs_bench":-0.8076293748866981},"NVDA":{"current":183.2449951171875,"sma_20":177.1127487182617,"sma_50":182.11647857666014,"sma_200":180.51783363342284,"rsi":55.901351727254415,"avg_vol_20":165734589.6,"current_vol":"43213492","vol_ratio":0.2607391257570049,"high_52w":207.01727294921875,"low_52w":96.88717651367188,"off_high":-11.483233980124249,"off_low":89.13235137090568,"trend_signals":["Golden Cross","Above 20d","Above 50d"],"macd":-0.8341770420501575,"macd_signal":-2.1208192774299905,"macd_histogram":1.286642235379833,"macd_crossover":null,"bb_upper":187.26209747338297,"bb_lower":166.96339996314046,"bb_width":11.460890114992354,"bb_pct_b":0.8021004867840176,"atr":5.293356789451911,"atr_pct":2.888677415755198,"rs_vs_bench":-1.5557461510912418}}