{"AMZN":{"current":239.88999938964844,"sma_20":213.80999984741212,"sma_50":213.3658004760742,"sma_200":224.99694999694825,"rsi":72.21835495682525,"avg_vol_20":44788575.0,"current_vol":"42075000","vol_ratio":0.9394136785999555,"high_52w":254.0,"low_52w":167.32000732421875,"off_high":-5.555118350532111,"off_low":43.37197519051599,"trend_signals":["Death Cross","Above 20d","Above 50d"],"macd":5.066829417135722,"macd_signal":1.0643075091370697,"macd_histogram":4.002521907998652,"macd_crossover":null,"bb_upper":236.21759897135334,"bb_lower":191.4024007234709,"bb_width":20.960291043386796,"bb_pct_b":1.081945423915839,"atr":6.514493399267716,"atr_pct":2.7156169143534643,"rs_vs_bench":10.33172726257705},"NVDA":{"current":189.30999755859375,"sma_20":177.8734992980957,"sma_50":182.00839447021485,"sma_200":180.90005973815917,"rsi":61.99609780842931,"avg_vol_20":168264845.0,"current_vol":"133242100","vol_ratio":0.7918594047378108,"high_52w":207.01727294921875,"low_52w":96.88717651367188,"off_high":-8.553525577051046,"off_low":95.39221223138851,"trend_signals":["Golden Cross","Above 20d","Above 50d"],"macd":0.8945270324012995,"macd_signal":-1.1510166641727717,"macd_histogram":2.045543696574071,"macd_crossover":null,"bb_upper":190.19863368002262,"bb_lower":165.5483649161688,"bb_width":13.858314398224545,"bb_pct_b":0.9639502461436877,"atr":5.281978654473116,"atr_pct":2.790121347309341,"rs_vs_bench":0.36099481577946957},"GOOG":{"current":319.2099914550781,"sma_20":298.69749908447267,"sma_50":307.36214050292966,"sma_200":269.39103637695314,"rsi":64.24684648612612,"avg_vol_20":19976340.0,"current_vol":"12181100","vol_ratio":0.6097763654403159,"high_52w":344.6571960449219,"low_52w":149.34371948242188,"off_high":-7.383337670549324,"off_low":113.7418249400504,"trend_signals":["Golden Cross","Above 20d","Above 50d"],"macd":2.16519990161828,"macd_signal":-2.0498160699474757,"macd_histogram":4.215015971565755,"macd_crossover":null,"bb_upper":325.86838949362,"bb_lower":271.52660867532535,"bb_width":18.19291456569129,"bb_pct_b":0.8774718469237163,"atr":8.012376480542404,"atr_pct":2.510064438778688,"rs_vs_bench":1.8955357540028972},"MSFT":{"current":384.3699951171875,"sma_20":376.5664993286133,"sma_50":392.65959411621094,"sma_200":472.0646081542969,"rsi":51.52044565436439,"avg_vol_20":32124975.0,"current_vol":"35563300","vol_ratio":1.1070296552759964,"high_52w":539.8252563476562,"low_52w":356.3916320800781,"off_high":-28.79733013646791,"off_low":7.850454533349671,"trend_signals":["Death Cross","Above 20d","Below 50d"],"macd":-6.829408659641388,"macd_signal":-9.188540817750788,"macd_histogram":2.3591321581094,"macd_crossover":null,"bb_upper":400.0931599009023,"bb_lower":353.0398387563243,"bb_width":12.495355064369821,"bb_pct_b":0.6658436768915172,"atr":8.83913904892793,"atr_pct":2.2996433543760446,"rs_vs_bench":-6.858367192927095},"AAPL":{"current":259.20001220703125,"sma_20":253.7390007019043,"sma_50":260.86533325195313,"sma_200":250.5963690185547,"rsi":53.65815092418735,"avg_vol_20":40738710.0,"current_vol":"35196600","vol_ratio":0.8639596099140106,"high_52w":285.9224548339844,"low_52w":192.32177734375,"off_high":-9.346045466232802,"off_low":34.774135195176136,"trend_signals":["Golden Cross","Above 20d","Below 50d"],"macd":0.07909302885491343,"macd_signal":-1.2882145810578995,"macd_histogram":1.367307609912813,"macd_crossover":null,"bb_upper":262.1977980913982,"bb_lower":245.28020331241038,"bb_width":6.667321433516185,"bb_pct_b":0.822800704028547,"atr":5.750220733027381,"atr_pct":2.2184492523999175,"rs_vs_bench":-0.4393397142324451}}