{"AMZN":{"current":222.0998992919922,"sma_20":209.74899444580078,"sma_50":213.73279815673828,"sma_200":224.6077495574951,"rsi":61.347148186792715,"avg_vol_20":40928200.85,"current_vol":"25752217","vol_ratio":0.629204716190206,"high_52w":254.0,"low_52w":167.32000732421875,"off_high":-12.55909476693221,"off_low":32.73959453134946,"trend_signals":["Death Cross","Above 20d","Above 50d"],"macd":0.17424182381907372,"macd_signal":-1.4881018017507506,"macd_histogram":1.6623436255698243,"macd_crossover":null,"bb_upper":219.4649353038337,"bb_lower":200.03305358776785,"bb_width":9.264350357153702,"bb_pct_b":1.1356000425825956,"atr":6.2231069604746905,"atr_pct":2.8019404692720027,"rs_vs_bench":4.398522933000604},"GOOG":{"current":316.5350036621094,"sma_20":296.87675018310546,"sma_50":308.5566217041016,"sma_200":267.1640342712402,"rsi":62.76569802698134,"avg_vol_20":19846397.3,"current_vol":"11661746","vol_ratio":0.5876001484662408,"high_52w":344.6571960449219,"low_52w":146.07501220703125,"off_high":-8.159467640753135,"off_low":116.69346377564302,"trend_signals":["Golden Cross","Above 20d","Above 50d"],"macd":-1.9203444958883438,"macd_signal":-5.007446839660752,"macd_histogram":3.0871023437724086,"macd_crossover":null,"bb_upper":320.27675387692454,"bb_lower":273.47674648928637,"bb_width":15.764120079721033,"bb_pct_b":0.92004808495386,"atr":8.471276871554698,"atr_pct":2.6762527914914287,"rs_vs_bench":2.585794400212693},"NVDA":{"current":181.5,"sma_20":177.22299880981444,"sma_50":182.21017456054688,"sma_200":180.31943878173828,"rsi":53.9778450767493,"avg_vol_20":167681981.6,"current_vol":"89805132","vol_ratio":0.5355681698360846,"high_52w":207.01727294921875,"low_52w":96.27731323242188,"off_high":-12.326156453369052,"off_low":88.51793211329348,"trend_signals":["Golden Cross","Above 20d","Below 50d"],"macd":-1.4968825344260779,"macd_signal":-2.4517333095478278,"macd_histogram":0.9548507751217499,"macd_crossover":null,"bb_upper":187.74153635224513,"bb_lower":166.70446126738375,"bb_width":11.870397875073294,"bb_pct_b":0.7033077874624956,"atr":5.476699806725296,"atr_pct":3.017465458250852,"rs_vs_bench":-2.480445117775698},"MSFT":{"current":378.3999938964844,"sma_20":380.46899871826173,"sma_50":398.0254266357422,"sma_200":473.7429035949707,"rsi":44.80253357931197,"avg_vol_20":30509864.0,"current_vol":"15930680","vol_ratio":0.5221485090854551,"high_52w":539.8252563476562,"low_52w":351.8662414550781,"off_high":-29.903243791026217,"off_low":7.540863349573064,"trend_signals":["Death Cross","Below 20d","Below 50d"],"macd":-9.00115728378978,"macd_signal":-10.43598928598936,"macd_histogram":1.4348320021995793,"macd_crossover":null,"bb_upper":409.5573586092224,"bb_lower":351.3806388273011,"bb_width":15.290791096754061,"bb_pct_b":0.4644358631849108,"atr":8.732742215505029,"atr_pct":2.307807176628541,"rs_vs_bench":-6.585566723023806},"AAPL":{"current":258.3900146484375,"sma_20":253.03950042724608,"sma_50":260.69708068847655,"sma_200":249.7006163787842,"rsi":53.25247889665414,"avg_vol_20":40101957.15,"current_vol":"19735243","vol_ratio":0.49212667915885,"high_52w":285.9224548339844,"low_52w":171.6717987060547,"off_high":-9.629338206939039,"off_low":50.513955463859396,"trend_signals":["Golden Cross","Above 20d","Below 50d"],"macd":-1.184790363760385,"macd_signal":-2.355487366909729,"macd_histogram":1.170697003149344,"macd_crossover":null,"bb_upper":260.59866228976955,"bb_lower":245.4803385647226,"bb_width":5.974689208412259,"bb_pct_b":0.853909224230136,"atr":6.190022636601162,"atr_pct":2.3956121698523205,"rs_vs_bench":-0.9732266319943395}}