{"AMZN":{"current":248.6300048828125,"sma_20":219.2770004272461,"sma_50":213.87120056152344,"sma_200":225.42865005493164,"rsi":75.70332103096474,"avg_vol_20":45366345.7,"current_vol":"20843814","vol_ratio":0.45945543284082496,"high_52w":254.0,"low_52w":167.32000732421875,"off_high":-2.114171305979331,"off_low":48.59550203164767,"trend_signals":["Death Cross","Above 20d","Above 50d"],"macd":9.092849087990118,"macd_signal":4.548847483920118,"macd_histogram":4.54400160407,"macd_crossover":null,"bb_upper":253.05973699676457,"bb_lower":185.49426385772762,"bb_width":30.812840839390493,"bb_pct_b":0.9344379324505503,"atr":6.601979757606851,"atr_pct":2.655343131541417,"rs_vs_bench":10.77516825976188},"MSFT":{"current":419.5199890136719,"sma_20":378.20149688720704,"sma_50":391.89680236816406,"sma_200":470.7729083251953,"rsi":70.52004264692212,"avg_vol_20":33298493.85,"current_vol":"20860577","vol_ratio":0.6264720889170187,"high_52w":539.8251953125,"low_52w":356.3916015625,"off_high":-22.285956147190298,"off_low":17.713208497170807,"trend_signals":["Death Cross","Above 20d","Above 50d"],"macd":1.178987982710396,"macd_signal":-5.39392924980721,"macd_histogram":6.5729172325176055,"macd_crossover":null,"bb_upper":409.30358113057883,"bb_lower":347.09941264383525,"bb_width":16.44736178960578,"bb_pct_b":1.1642399236519057,"atr":9.789952936330694,"atr_pct":2.3336082171788117,"rs_vs_bench":-0.4831094209615685},"AAPL":{"current":263.8900146484375,"sma_20":255.3470001220703,"sma_50":260.6838708496094,"sma_200":251.51508102416992,"rsi":58.159313945092656,"avg_vol_20":41703896.2,"current_vol":"20353624","vol_ratio":0.48805089822758574,"high_52w":285.9224548339844,"low_52w":192.32179260253906,"off_high":-7.705739725248096,"off_low":37.21274696820478,"trend_signals":["Golden Cross","Above 20d","Above 50d"],"macd":1.3208484159416685,"macd_signal":-0.21071122073973775,"macd_histogram":1.5315596366814062,"macd_crossover":null,"bb_upper":266.23068850798893,"bb_lower":244.4633117361517,"bb_width":8.524626003607326,"bb_pct_b":0.8924687212388491,"atr":5.896951932610713,"atr_pct":2.2346248835776588,"rs_vs_bench":-2.3263731869955775},"NVDA":{"current":198.9250030517578,"sma_20":180.31124954223634,"sma_50":182.7534973144531,"sma_200":181.51817581176758,"rsi":69.81260368017892,"avg_vol_20":161187693.5,"current_vol":"68297770","vol_ratio":0.42371578448077984,"high_52w":207.01727294921875,"low_52w":96.88717651367188,"off_high":-3.9089829472567574,"off_low":105.31613182440842,"trend_signals":["Golden Cross","Above 20d","Above 50d"],"macd":3.9477507373812273,"macd_signal":0.9653988636291959,"macd_histogram":2.982351873752031,"macd_crossover":null,"bb_upper":199.6836614648549,"bb_lower":160.93883761961777,"bb_width":21.487746296251746,"bb_pct_b":0.9804191027909305,"atr":5.270140733198518,"atr_pct":2.649310369409567,"rs_vs_bench":3.0818096474942056},"GOOG":{"current":335.4200134277344,"sma_20":302.71449890136716,"sma_50":306.903359375,"sma_200":271.74889282226565,"rsi":72.33621654585966,"avg_vol_20":19795506.9,"current_vol":"5817538","vol_ratio":0.29388173939612533,"high_52w":344.6571960449219,"low_52w":149.3437042236328,"off_high":-2.6801072843358087,"off_low":124.59601840695204,"trend_signals":["Golden Cross","Above 20d","Above 50d"],"macd":7.1409628028924885,"macd_signal":1.8195021833768903,"macd_histogram":5.321460619515598,"macd_crossover":null,"bb_upper":340.05616907525115,"bb_lower":265.3728287274832,"bb_width":24.671213509367412,"bb_pct_b":0.9379224921391008,"atr":7.85248736891124,"atr_pct":2.341090887411536,"rs_vs_bench":1.3878600064805475}}