{"AMZN":{"current":221.25,"sma_20":209.70649948120118,"sma_50":213.71580017089843,"sma_200":224.60350006103516,"rsi":60.68937294979297,"avg_vol_20":42248485.0,"current_vol":"51032000","vol_ratio":1.2079013010762398,"high_52w":254.0,"low_52w":167.32000732421875,"off_high":-12.893700787401574,"off_low":32.23164613618514,"trend_signals":["Death Cross","Above 20d","Above 50d"],"macd":0.10644349963803279,"macd_signal":-1.5016615810187648,"macd_histogram":1.6081050806567976,"macd_crossover":null,"bb_upper":219.19987466595072,"bb_lower":200.21312429645164,"bb_width":9.053963714272536,"bb_pct_b":1.1079766307636651,"atr":6.230250302046933,"atr_pct":2.8159323399082186,"rs_vs_bench":4.181739251916971},"GOOG":{"current":314.739990234375,"sma_20":296.78699951171876,"sma_50":308.5207214355469,"sma_200":267.15505935668943,"rsi":61.80773122471986,"avg_vol_20":20320225.0,"current_vol":"20706300","vol_ratio":1.0189995435582038,"high_52w":344.6571960449219,"low_52w":149.3437042236328,"off_high":-8.680278884021192,"off_low":110.74875025402586,"trend_signals":["Golden Cross","Above 20d","Above 50d"],"macd":-2.063536511657958,"macd_signal":-5.036085320860156,"macd_histogram":2.9725488092021983,"macd_crossover":null,"bb_upper":319.88130563505416,"bb_lower":273.69269338838336,"bb_width":15.562882579985457,"bb_pct_b":0.8886886799451365,"atr":8.471991915649127,"atr_pct":2.691743082707842,"rs_vs_bench":2.1866783165002235},"NVDA":{"current":182.0800018310547,"sma_20":177.2519989013672,"sma_50":182.22177459716798,"sma_200":180.3223387145996,"rsi":54.60384319073751,"avg_vol_20":170837935.0,"current_vol":"147293100","vol_ratio":0.8621802880021934,"high_52w":207.01727294921875,"low_52w":96.88717651367188,"off_high":-12.045985710709834,"off_low":87.92992879234245,"trend_signals":["Golden Cross","Above 20d","Below 50d"],"macd":-1.4506146615189266,"macd_signal":-2.4424798358863082,"macd_histogram":0.9918651743673816,"macd_crossover":null,"bb_upper":187.8232525860301,"bb_lower":166.68074521670428,"bb_width":11.927937343652003,"bb_pct_b":0.7283552676771021,"atr":5.476699861438934,"atr_pct":3.007853584338472,"rs_vs_bench":-1.9857796431424934},"MSFT":{"current":374.3299865722656,"sma_20":380.26549835205077,"sma_50":397.9440264892578,"sma_200":473.72255340576174,"rsi":40.94667300030083,"avg_vol_20":31397920.0,"current_vol":"33009400","vol_ratio":1.0513244189424014,"high_52w":539.8252563476562,"low_52w":356.3916015625,"off_high":-30.657192828489848,"off_low":5.033335502609982,"trend_signals":["Death Cross","Below 20d","Below 50d"],"macd":-9.325830389833413,"macd_signal":-10.50092410681139,"macd_histogram":1.175093716977976,"macd_crossover":null,"bb_upper":409.47151314943295,"bb_lower":351.0594835546686,"bb_width":15.360854415639452,"bb_pct_b":0.3983854555138217,"atr":8.795599856455693,"atr_pct":2.349691494661402,"rs_vs_bench":-7.407917821189935},"AAPL":{"current":258.8999938964844,"sma_20":253.06499938964845,"sma_50":260.7072802734375,"sma_200":249.70316673278808,"rsi":53.82856658684818,"avg_vol_20":41204140.0,"current_vol":"41008200","vol_ratio":0.9952446526004426,"high_52w":285.9224548339844,"low_52w":189.5936737060547,"off_high":-9.450975423805065,"off_low":36.555186064848314,"trend_signals":["Golden Cross","Above 20d","Below 50d"],"macd":-1.1441083744583125,"macd_signal":-2.347351116380677,"macd_histogram":1.2032427419223644,"macd_crossover":null,"bb_upper":260.70318304854214,"bb_lower":245.42681573075475,"bb_width":6.03653897403098,"bb_pct_b":0.8819621763114989,"atr":6.190029244030789,"atr_pct":2.3908958632520245,"rs_vs_bench":-0.5948031194946246}}