{"AMZN":{"current":248.2100067138672,"sma_20":217.3245002746582,"sma_50":213.66520050048828,"sma_200":225.28100006103514,"rsi":75.2667239461588,"avg_vol_20":44678805.15,"current_vol":"12392803","vol_ratio":0.27737543469199066,"high_52w":254.0,"low_52w":167.32000732421875,"off_high":-2.27952491580032,"off_low":48.34448711976599,"trend_signals":["Death Cross","Above 20d","Above 50d"],"macd":8.139478562309023,"macd_signal":3.40822037530871,"macd_histogram":4.7312581870003125,"macd_crossover":null,"bb_upper":248.29080120517344,"bb_lower":186.35819934414295,"bb_width":28.49775417992867,"bb_pct_b":0.9986954449049703,"atr":6.66367024437839,"atr_pct":2.684690408981041,"rs_vs_bench":11.827483786733328},"NVDA":{"current":199.39999389648438,"sma_20":179.4114990234375,"sma_50":182.39220184326172,"sma_200":181.31601974487305,"rsi":70.13024528824445,"avg_vol_20":159221402.75,"current_vol":"57839255","vol_ratio":0.3632630664033011,"high_52w":207.01727294921875,"low_52w":96.88717651367188,"off_high":-3.6795379169171505,"off_low":105.80638333324409,"trend_signals":["Golden Cross","Above 20d","Above 50d"],"macd":3.1777059834201395,"macd_signal":0.22826666621485986,"macd_histogram":2.9494393172052797,"macd_crossover":null,"bb_upper":196.8224894557083,"bb_lower":162.0005085911667,"bb_width":19.409001682769862,"bb_pct_b":1.0740194663480698,"atr":5.289767132876209,"atr_pct":2.6528421739181773,"rs_vs_bench":4.091177069647789},"GOOG":{"current":331.4898986816406,"sma_20":301.10949249267577,"sma_50":306.944560546875,"sma_200":270.9418495178223,"rsi":70.615926607998,"avg_vol_20":19625451.95,"current_vol":"3684339","vol_ratio":0.18773269575582946,"high_52w":344.6571960449219,"low_52w":149.3437042236328,"off_high":-3.8204040172035327,"off_low":121.96442789798179,"trend_signals":["Golden Cross","Above 20d","Above 50d"],"macd":5.535379470919224,"macd_signal":0.4415912102822813,"macd_histogram":5.093788260636943,"macd_crossover":null,"bb_upper":334.6220900226024,"bb_lower":267.59689496274916,"bb_width":22.259409527410877,"bb_pct_b":0.9532684487055245,"atr":7.914601756871489,"atr_pct":2.3875845955935415,"rs_vs_bench":1.7829606067224502},"AAPL":{"current":262.9949951171875,"sma_20":254.47774963378907,"sma_50":260.72193237304685,"sma_200":251.20119300842285,"rsi":58.593675020430055,"avg_vol_20":40548928.05,"current_vol":"11387461","vol_ratio":0.28083260267591714,"high_52w":285.9224548339844,"low_52w":192.32177734375,"off_high":-8.018768490956502,"off_low":36.747381783560776,"trend_signals":["Golden Cross","Above 20d","Above 50d"],"macd":0.6905403614334205,"macd_signal":-0.6484045605233221,"macd_histogram":1.3389449219567426,"macd_crossover":null,"bb_upper":264.09636533658374,"bb_lower":244.85913393099443,"bb_width":7.559494467894741,"bb_pct_b":0.9427479871622148,"atr":5.646055562970445,"atr_pct":2.146830041558254,"rs_vs_bench":-1.217723463294118},"MSFT":{"current":406.3699951171875,"sma_20":376.57249755859374,"sma_50":391.61487365722655,"sma_200":471.12374389648437,"rsi":65.16712847740467,"avg_vol_20":31970787.65,"current_vol":"13360753","vol_ratio":0.41790503087589714,"high_52w":539.8251953125,"low_52w":356.3916015625,"off_high":-24.721928756596192,"off_low":14.02344873885106,"trend_signals":["Death Cross","Above 20d","Above 50d"],"macd":-2.257251208744435,"macd_signal":-7.114537663486773,"macd_histogram":4.857286454742338,"macd_crossover":null,"bb_upper":400.5130513738679,"bb_lower":352.6319437433196,"bb_width":12.71497731272797,"bb_pct_b":1.122322645259419,"atr":9.294566153442538,"atr_pct":2.2872176255932,"rs_vs_bench":-2.7195962189286993}}