{"AMZN":{"current":248.37010192871094,"sma_20":217.3325050354004,"sma_50":213.66840240478516,"sma_200":225.28180053710938,"rsi":75.47478719898214,"avg_vol_20":45291714.55,"current_vol":"24650991","vol_ratio":0.5442715349799007,"high_52w":254.0,"low_52w":167.32000732421875,"off_high":-2.216495303657111,"off_low":48.440169170827296,"trend_signals":["Death Cross","Above 20d","Above 50d"],"macd":8.152249690558676,"macd_signal":3.4107746009586406,"macd_histogram":4.741475089600035,"macd_crossover":null,"bb_upper":248.33248673589807,"bb_lower":186.33252333490273,"bb_width":28.527699246321404,"bb_pct_b":1.0006066970164091,"atr":6.66367024437839,"atr_pct":2.6829599024326396,"rs_vs_bench":11.780053068885099},"NVDA":{"current":196.3300018310547,"sma_20":179.25799942016602,"sma_50":182.33080200195312,"sma_200":181.30066963195802,"rsi":67.77600652271781,"avg_vol_20":162476856.2,"current_vol":"122948324","vol_ratio":0.7567128443737084,"high_52w":207.01727294921875,"low_52w":96.88717651367188,"off_high":-5.162502126470213,"off_low":102.63775753992614,"trend_signals":["Golden Cross","Above 20d","Above 50d"],"macd":2.932806331481771,"macd_signal":0.17928673583322968,"macd_histogram":2.7535195956485414,"macd_crossover":null,"bb_upper":195.96697500753976,"bb_lower":162.54902383279227,"bb_width":18.64237650918917,"bb_pct_b":1.010863228018277,"atr":5.3361952683391785,"atr_pct":2.7179724028786314,"rs_vs_bench":2.265693815422609},"MSFT":{"current":410.1300964355469,"sma_20":376.76050262451173,"sma_50":391.69007568359376,"sma_200":471.1425440979004,"rsi":66.81054445697819,"avg_vol_20":32577151.8,"current_vol":"25488036","vol_ratio":0.7823899448447178,"high_52w":539.8252563476562,"low_52w":356.3916015625,"off_high":-24.025396808885795,"off_low":15.078496417268356,"trend_signals":["Death Cross","Above 20d","Above 50d"],"macd":-1.9573001048741503,"macd_signal":-7.05454744074345,"macd_histogram":5.0972473358693,"macd_crossover":null,"bb_upper":401.72353937972673,"bb_lower":351.79746586929673,"bb_width":13.25140856396709,"bb_pct_b":1.1683800961047726,"atr":9.541708400193285,"atr_pct":2.326507730868952,"rs_vs_bench":-1.8835863412460574},"AAPL":{"current":264.5199890136719,"sma_20":254.5539993286133,"sma_50":260.75243225097654,"sma_200":251.20881843566895,"rsi":60.30506194119451,"avg_vol_20":41340769.05,"current_vol":"27224281","vol_ratio":0.6585334918920673,"high_52w":285.9224548339844,"low_52w":192.32179260253906,"off_high":-7.485409228435539,"off_low":37.54030962073075,"trend_signals":["Golden Cross","Above 20d","Above 50d"],"macd":0.8121922964546684,"macd_signal":-0.6240741731900583,"macd_histogram":1.4362664696447267,"macd_crossover":null,"bb_upper":264.4762891640823,"bb_lower":244.6317094931443,"bb_width":7.79582317436697,"bb_pct_b":1.0022021050742427,"atr":5.841771331184868,"atr_pct":2.2084423006999794,"rs_vs_bench":-0.731293235151087},"GOOG":{"current":332.8599853515625,"sma_20":301.17799682617186,"sma_50":306.97196228027343,"sma_200":270.9486993408203,"rsi":71.22827352365562,"avg_vol_20":19799254.8,"current_vol":"7160396","vol_ratio":0.3616497727985197,"high_52w":344.6571960449219,"low_52w":149.3437042236328,"off_high":-3.4228824550124153,"off_low":122.88183293828416,"trend_signals":["Golden Cross","Above 20d","Above 50d"],"macd":5.644674135530693,"macd_signal":0.4634501450876518,"macd_histogram":5.181223990443041,"macd_crossover":null,"bb_upper":334.9566206410053,"bb_lower":267.3993730113384,"bb_width":22.431003705977332,"bb_pct_b":0.968965057591806,"atr":7.985315344816647,"atr_pct":2.399001290702653,"rs_vs_bench":2.106549075725538}}