{"GOOG":{"current":334.4700012207031,"sma_20":301.2584976196289,"sma_50":307.00416259765626,"sma_200":270.9567496490479,"rsi":71.91601686805214,"avg_vol_20":20197050.0,"current_vol":"15070600","vol_ratio":0.7461782785109706,"high_52w":344.6571960449219,"low_52w":149.3437042236328,"off_high":-2.9557470266458536,"off_low":123.95989369585698,"trend_signals":["Golden Cross","Above 20d","Above 50d"],"macd":5.773108462373727,"macd_signal":0.4891370263352858,"macd_histogram":5.283971436038442,"macd_crossover":null,"bb_upper":335.3611532641472,"bb_lower":267.15584197511055,"bb_width":22.640128603161656,"bb_pct_b":0.9869342720295254,"atr":8.119601406570972,"atr_pct":2.4276022892747195,"rs_vs_bench":1.91771858117895},"AMZN":{"current":248.5,"sma_20":217.33899993896483,"sma_50":213.67100036621093,"sma_200":225.2824500274658,"rsi":75.64445286969713,"avg_vol_20":46216485.0,"current_vol":"42961200","vol_ratio":0.9295644184104438,"high_52w":254.0,"low_52w":167.32000732421875,"off_high":-2.1653543307086616,"off_low":48.51780368290173,"trend_signals":["Death Cross","Above 20d","Above 50d"],"macd":8.162611953040198,"macd_signal":3.4128470829026174,"macd_histogram":4.7497648701375805,"macd_crossover":null,"bb_upper":248.3664040862986,"bb_lower":186.31159579163108,"bb_width":28.552081454361307,"bb_pct_b":1.0021528696546291,"atr":6.663670273441393,"atr_pct":2.681557454101164,"rs_vs_bench":11.127483445185636},"MSFT":{"current":411.2200012207031,"sma_20":376.8149978637695,"sma_50":391.71187377929687,"sma_200":471.1479948425293,"rsi":67.25830773328774,"avg_vol_20":33550890.0,"current_vol":"44793300","vol_ratio":1.3350852987804496,"high_52w":539.8252563476562,"low_52w":356.3916015625,"off_high":-23.823497254846714,"off_low":15.38431304717149,"trend_signals":["Death Cross","Above 20d","Above 50d"],"macd":-1.8703560716958236,"macd_signal":-7.037158555696188,"macd_histogram":5.166802484000365,"macd_crossover":null,"bb_upper":402.0875982838422,"bb_lower":351.5423974436968,"bb_width":13.41379752045302,"bb_pct_b":1.1806779434063996,"atr":9.824564982299748,"atr_pct":2.389126247054037,"rs_vs_bench":-2.3198645493604175},"NVDA":{"current":198.8699951171875,"sma_20":179.38499908447267,"sma_50":182.38160186767578,"sma_200":181.31336975097656,"rsi":69.7721531620084,"avg_vol_20":165606960.0,"current_vol":"184934400","vol_ratio":1.1167066891391522,"high_52w":207.01727294921875,"low_52w":96.88717651367188,"off_high":-3.935554611440454,"off_low":105.25935657658958,"trend_signals":["Golden Cross","Above 20d","Above 50d"],"macd":3.135426912307281,"macd_signal":0.2198108949234036,"macd_histogram":2.9156160173838774,"macd_crossover":null,"bb_upper":196.6690433858704,"bb_lower":162.10095478307494,"bb_width":19.270334074320946,"bb_pct_b":1.0636700442598124,"atr":5.364766286311067,"atr_pct":2.6976247890737803,"rs_vs_bench":2.959208237813482},"AAPL":{"current":266.42999267578125,"sma_20":254.64949951171874,"sma_50":260.79063232421873,"sma_200":251.21836799621582,"rsi":62.25878722752758,"avg_vol_20":42474110.0,"current_vol":"49735000","vol_ratio":1.170948608458188,"high_52w":285.9224548339844,"low_52w":192.32177734375,"off_high":-6.81739465671595,"off_low":38.53344969850841,"trend_signals":["Golden Cross","Above 20d","Above 50d"],"macd":0.9645572952204589,"macd_signal":-0.5936011298974965,"macd_histogram":1.5581584251179552,"macd_crossover":null,"bb_upper":265.00306061665395,"bb_lower":244.2959384067835,"bb_width":8.13161708527824,"bb_pct_b":1.0689102060955202,"atr":5.897485569856938,"atr_pct":2.2135216499568764,"rs_vs_bench":-0.6815725386337901}}