{"AMZN":{"current":232.16000366210938,"sma_20":210.68199996948243,"sma_50":213.465400390625,"sma_200":224.7219500732422,"rsi":68.17609149070057,"avg_vol_20":42854355.3,"current_vol":"46316706","vol_ratio":1.080793438047591,"high_52w":254.0,"low_52w":167.32000732421875,"off_high":-8.59842375507505,"off_low":38.75208791513444,"trend_signals":["Death Cross","Above 20d","Above 50d"],"macd":1.7589106921781479,"macd_signal":-0.8495471263793823,"macd_histogram":2.6084578185575302,"macd_crossover":null,"bb_upper":224.48172144240783,"bb_lower":196.88227849655703,"bb_width":13.100047915744398,"bb_pct_b":1.2782042461786667,"atr":6.6816612127405675,"atr_pct":2.878041483176921,"rs_vs_bench":8.793312137858411},"GOOG":{"current":316.3800048828125,"sma_20":297.1849990844727,"sma_50":308.1530383300781,"sma_200":267.9087745666504,"rsi":62.75068458634723,"avg_vol_20":20164978.7,"current_vol":"10271774","vol_ratio":0.5093868013855131,"high_52w":344.6571960449219,"low_52w":149.3437042236328,"off_high":-8.204439508764468,"off_low":111.84689808487227,"trend_signals":["Golden Cross","Above 20d","Above 50d"],"macd":-0.3752616796239181,"macd_signal":-4.103920595151009,"macd_histogram":3.728658915527091,"macd_crossover":null,"bb_upper":321.3719416525681,"bb_lower":272.99805651637723,"bb_width":16.277364364020595,"bb_pct_b":0.8968051303776526,"atr":8.434705471259253,"atr_pct":2.666004596081689,"rs_vs_bench":2.33647586904544},"NVDA":{"current":183.4949951171875,"sma_20":177.12524871826173,"sma_50":182.12147857666017,"sma_200":180.5190835571289,"rsi":56.17018151859385,"avg_vol_20":167675543.2,"current_vol":"82032564","vol_ratio":0.48923392424709916,"high_52w":207.01727294921875,"low_52w":96.88717651367188,"off_high":-11.362471110225307,"off_low":89.39038345419664,"trend_signals":["Golden Cross","Above 20d","Above 50d"],"macd":-0.8142340220976791,"macd_signal":-2.116830673427467,"macd_histogram":1.3025966513297877,"macd_crossover":null,"bb_upper":187.3069617261029,"bb_lower":166.94353571042055,"bb_width":11.496625220311056,"bb_pct_b":0.8128032775044963,"atr":5.324071641917782,"atr_pct":2.901480576359922,"rs_vs_bench":-1.8132145266841926},"AAPL":{"current":259.8949890136719,"sma_20":253.01924896240234,"sma_50":260.744609375,"sma_200":249.99819793701172,"rsi":54.99391186486099,"avg_vol_20":40688918.4,"current_vol":"15914468","vol_ratio":0.391125363509294,"high_52w":285.9224548339844,"low_52w":189.59368896484375,"off_high":-9.102980678948377,"off_low":37.07997899754145,"trend_signals":["Golden Cross","Above 20d","Below 50d"],"macd":-0.6439735242931874,"macd_signal":-2.006675597496017,"macd_histogram":1.3627020732028297,"macd_crossover":null,"bb_upper":260.4707862143093,"bb_lower":245.56771171049536,"bb_width":5.890095146882879,"bb_pct_b":0.9613638648528465,"atr":6.066455116539004,"atr_pct":2.3341947220921124,"rs_vs_bench":-0.3903050068422953},"MSFT":{"current":370.4849853515625,"sma_20":378.5457473754883,"sma_50":395.7640142822266,"sma_200":473.15901275634764,"rsi":38.22967848864791,"avg_vol_20":31167449.85,"current_vol":"20902697","vol_ratio":0.6706579171731626,"high_52w":539.8251953125,"low_52w":356.3916015625,"off_high":-31.369452821280035,"off_low":3.9544657414130895,"trend_signals":["Death Cross","Below 20d","Below 50d"],"macd":-8.922787072979247,"macd_signal":-10.185296702722852,"macd_histogram":1.2625096297436045,"macd_crossover":null,"bb_upper":405.6220229143181,"bb_lower":351.4694718366585,"bb_width":14.305417892845707,"bb_pct_b":0.351147141482477,"atr":8.687342636713153,"atr_pct":2.344856871451758,"rs_vs_bench":-9.814498635565593}}