{"GOOG":{"current":336.0299987792969,"sma_20":304.0969970703125,"sma_50":306.9088525390625,"sma_200":272.5332303619385,"rsi":71.5667949679119,"avg_vol_20":19772643.25,"current_vol":"6799965","vol_ratio":0.3439077372723042,"high_52w":344.6571960449219,"low_52w":149.34371948242188,"off_high":-2.5031240794115175,"off_low":125.0044393857811,"trend_signals":["Golden Cross","Above 20d","Above 50d"],"macd":8.016708778979648,"macd_signal":3.0251198385278206,"macd_histogram":4.991588940451828,"macd_crossover":null,"bb_upper":343.8850846150662,"bb_lower":264.3089095255588,"bb_width":26.168023971347537,"bb_pct_b":0.9012884719963743,"atr":7.646851024059519,"atr_pct":2.2756453447127916,"rs_vs_bench":0.7304421813729913},"MSFT":{"current":429.864990234375,"sma_20":380.28074798583987,"sma_50":392.2439666748047,"sma_200":470.4798922729492,"rsi":73.9813863194934,"avg_vol_20":34150541.2,"current_vol":"21243324","vol_ratio":0.6220494098641107,"high_52w":539.8251953125,"low_52w":356.3916320800781,"off_high":-20.369594830502496,"off_low":20.615904398616195,"trend_signals":["Death Cross","Above 20d","Above 50d"],"macd":4.425459904566765,"macd_signal":-3.4206061201133013,"macd_histogram":7.846066024680066,"macd_crossover":null,"bb_upper":419.0029029242342,"bb_lower":341.5585930474455,"bb_width":20.365035644579198,"bb_pct_b":1.1402567513019615,"atr":9.916485850124506,"atr_pct":2.3068838066383925,"rs_vs_bench":0.835254823061037},"NVDA":{"current":201.14999389648438,"sma_20":181.41199951171876,"sma_50":183.28138580322266,"sma_200":181.75467849731444,"rsi":71.00273274778203,"avg_vol_20":159708086.65,"current_vol":"75470133","vol_ratio":0.47255047996030825,"high_52w":207.01727294921875,"low_52w":96.88717651367188,"off_high":-2.8341978276245654,"off_low":107.6126079162807,"trend_signals":["Golden Cross","Above 20d","Above 50d"],"macd":4.681276032055337,"macd_signal":1.7012353202729815,"macd_histogram":2.980040711782355,"macd_crossover":null,"bb_upper":202.77851253404143,"bb_lower":160.0454864893961,"bb_width":23.555788018247867,"bb_pct_b":0.9618908654899455,"atr":5.131558277235829,"atr_pct":2.5511103320622652,"rs_vs_bench":4.740494865449184},"AAPL":{"current":271.9200134277344,"sma_20":256.470499420166,"sma_50":260.58784057617186,"sma_200":251.83628341674805,"rsi":65.5267489597613,"avg_vol_20":42355852.15,"current_vol":"24814843","vol_ratio":0.5858657479519037,"high_52w":285.9224548339844,"low_52w":192.32177734375,"off_high":-4.897286368914347,"off_low":41.38805141225008,"trend_signals":["Golden Cross","Above 20d","Above 50d"],"macd":2.1953305908700713,"macd_signal":0.26424273167294665,"macd_histogram":1.9310878591971248,"macd_crossover":null,"bb_upper":269.1458246376129,"bb_lower":243.79517420271904,"bb_width":9.884431344816333,"bb_pct_b":1.1094326473889178,"atr":6.111454897347552,"atr_pct":2.2475193422906092,"rs_vs_bench":-2.083571763100055},"AMZN":{"current":254.1300048828125,"sma_20":221.5990005493164,"sma_50":214.315400390625,"sma_200":225.6023500061035,"rsi":78.08327556841431,"avg_vol_20":45676260.9,"current_vol":"21573818","vol_ratio":0.47232014124868965,"high_52w":254.1300048828125,"low_52w":167.32000732421875,"off_high":0.0,"off_low":51.88261639887487,"trend_signals":["Death Cross","Above 20d","Above 50d"],"macd":10.222692839165092,"macd_signal":5.6972734426689495,"macd_histogram":4.525419396496142,"macd_crossover":null,"bb_upper":258.53792251106285,"bb_lower":184.66007858756993,"bb_width":33.338527583770194,"bb_pct_b":0.9403350531884074,"atr":6.593266583546854,"atr_pct":2.5944463293845295,"rs_vs_bench":12.00936143846072}}