{"GOOG":{"current":315.06500244140625,"sma_20":297.7772491455078,"sma_50":307.73327270507815,"sma_200":268.64723464965823,"rsi":61.44486854782988,"avg_vol_20":19961443.7,"current_vol":"7052074","vol_ratio":0.3532847676743942,"high_52w":344.6571960449219,"low_52w":149.34368896484375,"off_high":-8.585978747316984,"off_low":110.96639879812673,"trend_signals":["Golden Cross","Above 20d","Above 50d"],"macd":0.8462202931015668,"macd_signal":-3.114020148094325,"macd_histogram":3.9602404411958916,"macd_crossover":null,"bb_upper":323.1369084314603,"bb_lower":272.41758985955533,"bb_width":17.032637220421485,"bb_pct_b":0.8408514503480465,"atr":8.187175456890811,"atr_pct":2.598567087251593,"rs_vs_bench":1.5343649286787997},"NVDA":{"current":188.5449981689453,"sma_20":177.41624908447267,"sma_50":182.07048583984374,"sma_200":180.72450653076172,"rsi":61.27544396160411,"avg_vol_20":167377975.7,"current_vol":"115373714","vol_ratio":0.6893004501786433,"high_52w":207.01727294921875,"low_52w":96.88717651367188,"off_high":-8.923059664110578,"off_low":94.60263468647938,"trend_signals":["Golden Cross","Above 20d","Above 50d"],"macd":0.12204363831284581,"macd_signal":-1.6637588008854682,"macd_histogram":1.785802439198314,"macd_crossover":null,"bb_upper":188.5651799938321,"bb_lower":166.26731817511325,"bb_width":12.568105759074092,"bb_pct_b":0.9990948986476437,"atr":5.3867464418812325,"atr_pct":2.8570084034021686,"rs_vs_bench":1.6232653326835322},"MSFT":{"current":370.4617919921875,"sma_20":377.10508880615237,"sma_50":393.6142864990234,"sma_200":472.5878504943848,"rsi":38.08257971626554,"avg_vol_20":31173044.6,"current_vol":"17871892","vol_ratio":0.5733123674419661,"high_52w":539.8252563476562,"low_52w":356.3916320800781,"off_high":-31.37375703785077,"off_low":3.947949010471697,"trend_signals":["Death Cross","Below 20d","Below 50d"],"macd":-8.347965792134403,"macd_signal":-9.784836458472226,"macd_histogram":1.436870666337823,"macd_crossover":null,"bb_upper":401.93137731642946,"bb_lower":352.27880029587527,"bb_width":13.166774592659413,"bb_pct_b":0.3662043903337624,"atr":8.467533378496848,"atr_pct":2.2856698211607784,"rs_vs_bench":-9.321286086704184},"AMZN":{"current":237.82000732421875,"sma_20":212.17099990844727,"sma_50":213.39140045166016,"sma_200":224.85465003967286,"rsi":71.1845212847872,"avg_vol_20":43597013.5,"current_vol":"39792370","vol_ratio":0.9127315567154617,"high_52w":254.0,"low_52w":167.32000732421875,"off_high":-6.370075856606791,"off_low":42.134829616275944,"trend_signals":["Death Cross","Above 20d","Above 50d"],"macd":3.5768135663738576,"macd_signal":0.054742602560275966,"macd_histogram":3.5220709638135816,"macd_crossover":null,"bb_upper":230.87410692845077,"bb_lower":193.46789288844377,"bb_width":17.630219990549108,"bb_pct_b":1.1856884096406854,"atr":6.688685224235086,"atr_pct":2.8124989564550966,"rs_vs_bench":11.539555169214655},"AAPL":{"current":260.07000732421875,"sma_20":253.26449966430664,"sma_50":260.83390380859373,"sma_200":250.30306144714356,"rsi":55.0409974495394,"avg_vol_20":40018841.85,"current_vol":"15197837","vol_ratio":0.3797670371612716,"high_52w":285.9224548339844,"low_52w":189.5936737060547,"off_high":-9.041768868687273,"off_low":37.17230234561006,"trend_signals":["Golden Cross","Above 20d","Below 50d"],"macd":-0.1941832738932021,"macd_signal":-1.6365827716914902,"macd_histogram":1.4423994977982881,"macd_crossover":null,"bb_upper":261.3856923214744,"bb_lower":245.1433070071389,"bb_width":6.413210432517862,"bb_pct_b":0.9189968116262819,"atr":5.898476348868543,"atr_pct":2.2680340611192245,"rs_vs_bench":0.9994200756342497}}