{"AMZN":{"current":248.5,"sma_20":217.33899993896483,"sma_50":213.67100036621093,"sma_200":225.2824500274658,"rsi":75.64445286969713,"avg_vol_20":46216485.0,"current_vol":"42961200","vol_ratio":0.9295644184104438,"high_52w":254.0,"low_52w":167.32000732421875,"off_high":-2.1653543307086616,"off_low":48.51780368290173,"trend_signals":["Death Cross","Above 20d","Above 50d"],"macd":8.162611953040198,"macd_signal":3.4128470829026174,"macd_histogram":4.7497648701375805,"macd_crossover":null,"bb_upper":248.3664040862986,"bb_lower":186.31159579163108,"bb_width":28.552081454361307,"bb_pct_b":1.0021528696546291,"atr":6.663670273441393,"atr_pct":2.681557454101164,"rs_vs_bench":11.127483445185636},"NVDA":{"current":198.8699951171875,"sma_20":179.38499908447267,"sma_50":182.38160186767578,"sma_200":181.3133699798584,"rsi":69.77215316202873,"avg_vol_20":165606960.0,"current_vol":"184934400","vol_ratio":1.1167066891391522,"high_52w":207.01727294921875,"low_52w":96.88717651367188,"off_high":-3.935554611440454,"off_low":105.25935657658958,"trend_signals":["Golden Cross","Above 20d","Above 50d"],"macd":3.135426912304723,"macd_signal":0.21981089491968508,"macd_histogram":2.9156160173850383,"macd_crossover":null,"bb_upper":196.6690433858705,"bb_lower":162.10095478307483,"bb_width":19.270334074321074,"bb_pct_b":1.0636700442598088,"atr":5.364766286309387,"atr_pct":2.697624789072936,"rs_vs_bench":2.959208237813482},"GOOG":{"current":334.4700012207031,"sma_20":301.2584976196289,"sma_50":307.00416259765626,"sma_200":270.95674942016603,"rsi":71.91601685205029,"avg_vol_20":20197050.0,"current_vol":"15070600","vol_ratio":0.7461782785109706,"high_52w":344.6571960449219,"low_52w":149.3437042236328,"off_high":-2.9557470266458536,"off_low":123.95989369585698,"trend_signals":["Golden Cross","Above 20d","Above 50d"],"macd":5.773108463854953,"macd_signal":0.48913702851115515,"macd_histogram":5.283971435343798,"macd_crossover":null,"bb_upper":335.36115326415313,"bb_lower":267.15584197510464,"bb_width":22.64012860316558,"bb_pct_b":0.986934272029441,"atr":8.119601406286954,"atr_pct":2.427602289189804,"rs_vs_bench":1.91771858117895},"AAPL":{"current":266.42999267578125,"sma_20":254.64949951171874,"sma_50":260.79063232421873,"sma_200":251.21836868286132,"rsi":62.25878722745968,"avg_vol_20":42474110.0,"current_vol":"49735000","vol_ratio":1.170948608458188,"high_52w":285.9224548339844,"low_52w":192.32176208496094,"off_high":-6.81739465671595,"off_low":38.53346068973823,"trend_signals":["Golden Cross","Above 20d","Above 50d"],"macd":0.9645572952119892,"macd_signal":-0.5936011299099963,"macd_histogram":1.5581584251219853,"macd_crossover":null,"bb_upper":265.00306061666197,"bb_lower":244.29593840677552,"bb_width":8.131617085284523,"bb_pct_b":1.06891020609508,"atr":5.897485569854849,"atr_pct":2.213521649956092,"rs_vs_bench":-0.6815725386337901},"MSFT":{"current":411.2200012207031,"sma_20":376.8149978637695,"sma_50":391.71187377929687,"sma_200":471.14799392700195,"rsi":67.25830772765434,"avg_vol_20":33550890.0,"current_vol":"44793300","vol_ratio":1.3350852987804496,"high_52w":539.8251953125,"low_52w":356.3916015625,"off_high":-23.823488641975754,"off_low":15.38431304717149,"trend_signals":["Death Cross","Above 20d","Above 50d"],"macd":-1.8703560732173514,"macd_signal":-7.037158557932237,"macd_histogram":5.166802484714886,"macd_crossover":null,"bb_upper":402.08759828384586,"bb_lower":351.5423974436932,"bb_width":13.41379752045495,"bb_pct_b":1.1806779434063017,"atr":9.824564982379306,"atr_pct":2.389126247073383,"rs_vs_bench":-2.3198645493604175}}