{"NVDA":{"current":183.11000061035156,"sma_20":177.30349884033203,"sma_50":182.2423745727539,"sma_200":180.32748878479003,"rsi":55.67454088296447,"avg_vol_20":164514241.15,"current_vol":"26450323","vol_ratio":0.16077831812677695,"high_52w":207.01727294921875,"low_52w":96.27731323242188,"off_high":-11.548443276388648,"off_low":90.1901854783878,"trend_signals":["Golden Cross","Above 20d","Above 50d"],"macd":-1.3684494375613951,"macd_signal":-2.4260466905016487,"macd_histogram":1.0575972529402535,"macd_crossover":null,"bb_upper":187.9832652291663,"bb_lower":166.62373245149774,"bb_width":12.046876072594351,"bb_pct_b":0.7718459167838281,"atr":5.476699806965118,"atr_pct":2.9909342956200664,"rs_vs_bench":-1.4798844081059137},"AMZN":{"current":221.05999755859375,"sma_20":209.69699935913087,"sma_50":213.71200012207032,"sma_200":224.60255004882814,"rsi":60.53924813167283,"avg_vol_20":40047051.45,"current_vol":"8129229","vol_ratio":0.2029919483622807,"high_52w":254.0,"low_52w":167.32000732421875,"off_high":-12.968504898191439,"off_low":32.118089817102465,"trend_signals":["Death Cross","Above 20d","Above 50d"],"macd":0.09128669978730386,"macd_signal":-1.5046928265571045,"macd_histogram":1.5959795263444083,"macd_crossover":null,"bb_upper":219.1419927776675,"bb_lower":200.25200594059424,"bb_width":9.008229442864806,"bb_pct_b":1.101535527656483,"atr":6.2231069604746905,"atr_pct":2.8151212472646505,"rs_vs_bench":4.04461115523681},"GOOG":{"current":315.8550109863281,"sma_20":296.8427505493164,"sma_50":308.54302185058594,"sma_200":267.1606344604492,"rsi":62.40850654836848,"avg_vol_20":19451955.15,"current_vol":"3772903","vol_ratio":0.19396009146155163,"high_52w":344.6571960449219,"low_52w":146.0749969482422,"off_high":-8.356763006578785,"off_low":116.22797712482102,"trend_signals":["Golden Cross","Above 20d","Above 50d"],"macd":-1.974588923704232,"macd_signal":-5.0182957224835985,"macd_histogram":3.0437067987793665,"macd_crossover":null,"bb_upper":320.12416466311447,"bb_lower":273.56133643551834,"bb_width":15.686025055835193,"bb_pct_b":0.9083141243929815,"atr":8.471276871190474,"atr_pct":2.682014397915364,"rs_vs_bench":2.5004267834298655},"AAPL":{"current":257.1600036621094,"sma_20":252.97799987792968,"sma_50":260.67248046875,"sma_200":249.69446670532227,"rsi":51.80203600540461,"avg_vol_20":39348448.05,"current_vol":"4665061","vol_ratio":0.11855768730883912,"high_52w":285.9224548339844,"low_52w":171.67178344726562,"off_high":-10.059528618896122,"off_low":49.79747894394313,"trend_signals":["Golden Cross","Above 20d","Below 50d"],"macd":-1.2829108979017292,"macd_signal":-2.375111473254515,"macd_histogram":1.092200575352786,"macd_crossover":null,"bb_upper":260.3720843759586,"bb_lower":245.58391537990076,"bb_width":5.845634404253975,"bb_pct_b":0.782793886470632,"atr":6.105029002011567,"atr_pct":2.374019643440804,"rs_vs_bench":-1.309729965501416},"MSFT":{"current":379.31500244140625,"sma_20":380.51474914550784,"sma_50":398.0437268066406,"sma_200":473.7474784851074,"rsi":45.601074535154,"avg_vol_20":29950814.35,"current_vol":"4749687","vol_ratio":0.15858290010067788,"high_52w":539.8252563476562,"low_52w":351.8662414550781,"off_high":-29.733742913814094,"off_low":7.800907774732472,"trend_signals":["Death Cross","Below 20d","Below 50d"],"macd":-8.928165149144377,"macd_signal":-10.42139085905044,"macd_histogram":1.4932257099060635,"macd_crossover":null,"bb_upper":409.59228360938505,"bb_lower":351.4372146816306,"bb_width":15.283262753506587,"bb_pct_b":0.47936986876256615,"atr":8.732742215542265,"atr_pct":2.3022401326958413,"rs_vs_bench":-6.224463161435734}}