{"AMZN":{"current":239.88999938964844,"sma_20":213.80999984741212,"sma_50":213.3658004760742,"sma_200":224.99694999694825,"rsi":72.21835495682525,"avg_vol_20":44788575.0,"current_vol":"42075000","vol_ratio":0.9394136785999555,"high_52w":254.0,"low_52w":167.32000732421875,"off_high":-5.555118350532111,"off_low":43.37197519051599,"trend_signals":["Death Cross","Above 20d","Above 50d"],"macd":5.066829417135722,"macd_signal":1.0643075091370697,"macd_histogram":4.002521907998652,"macd_crossover":null,"bb_upper":236.21759897135334,"bb_lower":191.4024007234709,"bb_width":20.960291043386796,"bb_pct_b":1.081945423915839,"atr":6.514493399267716,"atr_pct":2.7156169143534643,"rs_vs_bench":10.33172726257705},"GOOG":{"current":319.2099914550781,"sma_20":298.69749908447267,"sma_50":307.36214050292966,"sma_200":269.3910362243652,"rsi":64.24684648612711,"avg_vol_20":19976340.0,"current_vol":"12181100","vol_ratio":0.6097763654403159,"high_52w":344.6571960449219,"low_52w":149.34368896484375,"off_high":-7.383337670549324,"off_low":113.74186861704064,"trend_signals":["Golden Cross","Above 20d","Above 50d"],"macd":2.1651999016024774,"macd_signal":-2.0498160699707078,"macd_histogram":4.215015971573186,"macd_crossover":null,"bb_upper":325.8683894936164,"bb_lower":271.52660867532893,"bb_width":18.19291456568889,"bb_pct_b":0.8774718469237661,"atr":8.01237648058125,"atr_pct":2.510064438790857,"rs_vs_bench":1.8955357540028972},"NVDA":{"current":189.30999755859375,"sma_20":177.8734992980957,"sma_50":182.00839447021485,"sma_200":180.90005973815917,"rsi":61.99609780666934,"avg_vol_20":168264845.0,"current_vol":"133242100","vol_ratio":0.7918594047378108,"high_52w":207.01727294921875,"low_52w":96.88717651367188,"off_high":-8.553525577051046,"off_low":95.39221223138851,"trend_signals":["Golden Cross","Above 20d","Above 50d"],"macd":0.894527032196919,"macd_signal":-1.1510166644731745,"macd_histogram":2.0455436966700935,"macd_crossover":null,"bb_upper":190.1986336800228,"bb_lower":165.54836491616862,"bb_width":13.858314398224735,"bb_pct_b":0.9639502461436813,"atr":5.281978654665124,"atr_pct":2.790121347410766,"rs_vs_bench":0.36099481577946957},"MSFT":{"current":384.3699951171875,"sma_20":376.5664993286133,"sma_50":392.65959411621094,"sma_200":472.0646073913574,"rsi":51.52044565195949,"avg_vol_20":32124975.0,"current_vol":"35563300","vol_ratio":1.1070296552759964,"high_52w":539.8251953125,"low_52w":356.3916320800781,"off_high":-28.797322085961707,"off_low":7.850454533349671,"trend_signals":["Death Cross","Above 20d","Below 50d"],"macd":-6.82940866141945,"macd_signal":-9.188540820363515,"macd_histogram":2.3591321589440657,"macd_crossover":null,"bb_upper":400.09315990090937,"bb_lower":353.03983875631724,"bb_width":12.495355064373566,"bb_pct_b":0.6658436768914675,"atr":8.839139049002965,"atr_pct":2.2996433543955663,"rs_vs_bench":-6.858367192927095},"AAPL":{"current":259.20001220703125,"sma_20":253.7390007019043,"sma_50":260.86533325195313,"sma_200":250.5963690185547,"rsi":53.6581509241874,"avg_vol_20":40738710.0,"current_vol":"35196600","vol_ratio":0.8639596099140106,"high_52w":285.9224548339844,"low_52w":192.32177734375,"off_high":-9.346045466232802,"off_low":34.774135195176136,"trend_signals":["Golden Cross","Above 20d","Below 50d"],"macd":0.07909302885497027,"macd_signal":-1.2882145810578312,"macd_histogram":1.3673076099128014,"macd_crossover":null,"bb_upper":262.197798091406,"bb_lower":245.2802033124026,"bb_width":6.667321433522323,"bb_pct_b":0.8228007040282498,"atr":5.750220733027359,"atr_pct":2.21844925239991,"rs_vs_bench":-0.4393397142324451}}