{"AMZN":{"current":250.55999755859375,"sma_20":221.42050018310547,"sma_50":214.24400024414064,"sma_200":225.5844999694824,"rsi":76.57275501836331,"avg_vol_20":47195985.0,"current_vol":"51897500","vol_ratio":1.0996168424072514,"high_52w":254.0,"low_52w":167.32000732421875,"off_high":-1.3543316698449803,"off_low":49.74897596859382,"trend_signals":["Death Cross","Above 20d","Above 50d"],"macd":9.93790595341926,"macd_signal":5.640316095135438,"macd_histogram":4.297589858283823,"macd_crossover":null,"bb_upper":257.72660999737246,"bb_lower":185.1143903688385,"bb_width":32.793810676286384,"bb_pct_b":0.9013029421846444,"atr":6.593266582364195,"atr_pct":2.6314122951020353,"rs_vs_bench":10.388865322093045},"GOOG":{"current":339.3999938964844,"sma_20":304.2654968261719,"sma_50":306.97625244140625,"sma_200":272.5500806427002,"rsi":73.01236568614414,"avg_vol_20":20415590.0,"current_vol":"19635800","vol_ratio":0.9618041898372763,"high_52w":344.6571960449219,"low_52w":149.34368896484375,"off_high":-1.5253423427005097,"off_low":127.26102204183589,"trend_signals":["Golden Cross","Above 20d","Above 50d"],"macd":8.285540313659283,"macd_signal":3.0788861649797896,"macd_histogram":5.206654148679493,"macd_crossover":null,"bb_upper":344.6471073311532,"bb_lower":263.8838863211906,"bb_width":26.543667242067542,"bb_pct_b":0.935030904302076,"atr":7.896493499421424,"atr_pct":2.326603901421938,"rs_vs_bench":1.9761564137778418},"MSFT":{"current":422.7900085449219,"sma_20":379.9269989013672,"sma_50":392.10246704101564,"sma_200":470.44451782226565,"rsi":71.69699827776073,"avg_vol_20":35484755.0,"current_vol":"47812100","vol_ratio":1.347398340498617,"high_52w":539.8251953125,"low_52w":356.3916015625,"off_high":-21.680200884256152,"off_low":18.630744016221623,"trend_signals":["Death Cross","Above 20d","Above 50d"],"macd":3.8610739387146396,"macd_signal":-3.533483265172933,"macd_histogram":7.394557203887572,"macd_crossover":null,"bb_upper":416.8283253080523,"bb_lower":343.0256724946821,"bb_width":19.425482533956494,"bb_pct_b":1.080778712005723,"atr":9.916485860160678,"atr_pct":2.3454872773103963,"rs_vs_bench":-0.8996317153169056},"NVDA":{"current":201.67999267578125,"sma_20":181.4384994506836,"sma_50":183.2919857788086,"sma_200":181.7573282623291,"rsi":71.36924415687389,"avg_vol_20":163937385.0,"current_vol":"159843200","vol_ratio":0.9750259222446424,"high_52w":207.01727294921875,"low_52w":96.88717651367188,"off_high":-2.578181133101262,"off_low":108.15963467293518,"trend_signals":["Golden Cross","Above 20d","Above 50d"],"macd":4.723555157134172,"macd_signal":1.7096911709262494,"macd_histogram":3.013863986207922,"macd_crossover":null,"bb_upper":202.90914773159568,"bb_lower":159.9678511697715,"bb_width":23.667136077421073,"bb_pct_b":0.9713759212173584,"atr":5.13298715224441,"atr_pct":2.5451147057983827,"rs_vs_bench":5.165218165308927},"AAPL":{"current":270.2300109863281,"sma_20":256.3859992980957,"sma_50":260.5540405273438,"sma_200":251.82783317565918,"rsi":64.17514969479788,"avg_vol_20":44183830.0,"current_vol":"61314800","vol_ratio":1.3877203492770998,"high_52w":285.9224548339844,"low_52w":192.32176208496094,"off_high":-5.488356574431267,"off_low":40.50932565132701,"trend_signals":["Golden Cross","Above 20d","Above 50d"],"macd":2.0605155980618406,"macd_signal":0.2372797544097347,"macd_histogram":1.823235843652106,"macd_crossover":null,"bb_upper":268.6433043127395,"bb_lower":244.12869428345198,"bb_width":9.561602465189516,"bb_pct_b":1.064724940420958,"atr":6.11145489139927,"atr_pct":2.2615751925897194,"rs_vs_bench":-2.647218384777771}}