{"AMZN":{"current":221.64999389648438,"sma_20":209.72649917602538,"sma_50":213.72380004882814,"sma_200":224.6055000305176,"rsi":61.00171288873787,"avg_vol_20":40687109.3,"current_vol":"20930386","vol_ratio":0.5144230288191056,"high_52w":254.0,"low_52w":167.32000732421875,"off_high":-12.736222875399852,"off_low":32.47070535144641,"trend_signals":["Death Cross","Above 20d","Above 50d"],"macd":0.13835193471874163,"macd_signal":-1.495279779570817,"macd_histogram":1.6336317142895587,"macd_crossover":null,"bb_upper":219.32338983209914,"bb_lower":200.12960851995163,"bb_width":9.151815048435052,"bb_pct_b":1.1212165558494072,"atr":6.2231069604746905,"atr_pct":2.8076278510438506,"rs_vs_bench":4.303114277561004},"NVDA":{"current":181.8249969482422,"sma_20":177.23924865722657,"sma_50":182.21667449951173,"sma_200":180.32106376647948,"rsi":54.330725929840554,"avg_vol_20":167159229.8,"current_vol":"79350096","vol_ratio":0.474697664585674,"high_52w":207.01727294921875,"low_52w":96.27731323242188,"off_high":-12.169166196656555,"off_low":88.85549548864196,"trend_signals":["Golden Cross","Above 20d","Below 50d"],"macd":-1.4709568519452318,"macd_signal":-2.446548173051646,"macd_histogram":0.975591321106414,"macd_crossover":null,"bb_upper":187.78657177668003,"bb_lower":166.6919255377731,"bb_width":11.901791729947531,"bb_pct_b":0.7173892009887168,"atr":5.47669980672538,"atr_pct":3.0120719915559038,"rs_vs_bench":-2.189581559572562},"GOOG":{"current":315.8349914550781,"sma_20":296.8417495727539,"sma_50":308.5426214599609,"sma_200":267.1605344390869,"rsi":62.39788667574068,"avg_vol_20":19769059.0,"current_vol":"10114980","vol_ratio":0.5116571304683748,"high_52w":344.6571960449219,"low_52w":146.0750274658203,"off_high":-8.362571540820847,"off_low":116.21422698618315,"trend_signals":["Golden Cross","Above 20d","Above 50d"],"macd":-1.9761859255236232,"macd_signal":-5.01861512560635,"macd_histogram":3.0424292000827267,"macd_crossover":null,"bb_upper":320.1197233612405,"bb_lower":273.56377578426725,"bb_width":15.683759998039873,"bb_pct_b":0.9079659607598314,"atr":8.471276871601564,"atr_pct":2.6821844003331248,"rs_vs_bench":2.474989412843631},"MSFT":{"current":378.8796081542969,"sma_20":380.4929794311523,"sma_50":398.03501892089844,"sma_200":473.74530166625976,"rsi":45.224001103021386,"avg_vol_20":30384988.65,"current_vol":"13433173","vol_ratio":0.44209899680183035,"high_52w":539.8252563476562,"low_52w":351.8662414550781,"off_high":-29.814397585300778,"off_low":7.677169195746071,"trend_signals":["Death Cross","Below 20d","Below 50d"],"macd":-8.962897456955886,"macd_signal":-10.428337320622646,"macd_histogram":1.4654398636667594,"macd_crossover":null,"bb_upper":409.57494749371784,"bb_lower":351.4110113685868,"bb_width":15.286467627362734,"bb_pct_b":0.4722616558586317,"atr":8.73274221550487,"atr_pct":2.30488578101266,"rs_vs_bench":-6.350946159510962},"AAPL":{"current":258.20001220703125,"sma_20":253.03000030517578,"sma_50":260.69328063964844,"sma_200":249.69966682434082,"rsi":53.034153485666025,"avg_vol_20":39941688.4,"current_vol":"16529868","vol_ratio":0.4138500064008311,"high_52w":285.9224548339844,"low_52w":171.67178344726562,"off_high":-9.695790644722063,"off_low":50.403291107152434,"trend_signals":["Golden Cross","Above 20d","Below 50d"],"macd":-1.1999472536786868,"macd_signal":-2.358518744900441,"macd_histogram":1.1585714912217542,"macd_crossover":null,"bb_upper":260.5612752046566,"bb_lower":245.49872540569493,"bb_width":5.952871114411326,"bb_pct_b":0.8432361698954753,"atr":6.190022636600784,"atr_pct":2.3973750363874764,"rs_vs_bench":-0.9299153435411434}}