{"AMZN":{"current":231.2100067138672,"sma_20":210.6345001220703,"sma_50":213.44640045166017,"sma_200":224.717200088501,"rsi":67.63943681193706,"avg_vol_20":42445022.8,"current_vol":"38130056","vol_ratio":0.8983398637731442,"high_52w":254.0,"low_52w":167.32000732421875,"off_high":-8.972438301627092,"off_low":38.184315439245545,"trend_signals":["Death Cross","Above 20d","Above 50d"],"macd":1.6831274598397385,"macd_signal":-0.8647037728470643,"macd_histogram":2.5478312326868027,"macd_crossover":null,"bb_upper":224.1260396076804,"bb_lower":197.1429606364602,"bb_width":12.810379570100123,"bb_pct_b":1.2625336831924348,"atr":6.6816612127405675,"atr_pct":2.8898667958646898,"rs_vs_bench":8.177319930807103},"NVDA":{"current":183.67990112304688,"sma_20":177.13449401855468,"sma_50":182.12517669677734,"sma_200":180.5200080871582,"rsi":56.36691534804479,"avg_vol_20":166844139.4,"current_vol":"65404488","vol_ratio":0.3920095020131106,"high_52w":207.01727294921875,"low_52w":96.88717651367188,"off_high":-11.273151990508794,"off_low":89.58123018181622,"trend_signals":["Golden Cross","Above 20d","Above 50d"],"macd":-0.7994836852095375,"macd_signal":-2.1138806057471755,"macd_histogram":1.314396920537638,"macd_crossover":null,"bb_upper":187.34086631470143,"bb_lower":166.92812172240792,"bb_width":11.523867615618272,"bb_pct_b":0.820652966331794,"atr":5.324071641695016,"atr_pct":2.898559727625522,"rs_vs_bench":-1.8748481992942212},"GOOG":{"current":316.79998779296875,"sma_20":297.2059982299805,"sma_50":308.16143798828125,"sma_200":267.9108744812012,"rsi":62.98471898347799,"avg_vol_20":20061278.5,"current_vol":"8197770","vol_ratio":0.40863646850822594,"high_52w":344.6571960449219,"low_52w":149.3437042236328,"off_high":-8.082584252302185,"off_low":112.12811711070236,"trend_signals":["Golden Cross","Above 20d","Above 50d"],"macd":-0.3417587694119675,"macd_signal":-4.097220013108619,"macd_histogram":3.7554612436966517,"macd_crossover":null,"bb_upper":321.4637354499949,"bb_lower":272.9482610099661,"bb_width":16.323854407032236,"bb_pct_b":0.903870925496336,"atr":8.39255633621461,"atr_pct":2.649165612247186,"rs_vs_bench":2.3123901297920746},"MSFT":{"current":372.6499938964844,"sma_20":378.65399780273435,"sma_50":395.807314453125,"sma_200":473.1698381042481,"rsi":39.71346370869653,"avg_vol_20":30909953.75,"current_vol":"15752775","vol_ratio":0.5096343762727241,"high_52w":539.8251953125,"low_52w":356.3916320800781,"off_high":-30.968395485734856,"off_low":4.561937024591289,"trend_signals":["Death Cross","Below 20d","Below 50d"],"macd":-8.750079838630654,"macd_signal":-10.150755255858458,"macd_histogram":1.400675417227804,"macd_crossover":null,"bb_upper":405.61163307536947,"bb_lower":351.69636253009924,"bb_width":14.23866401995793,"bb_pct_b":0.3886400115305239,"atr":8.68734263669349,"atr_pct":2.3312338062473392,"rs_vs_bench":-9.438349618834618},"AAPL":{"current":259.8900146484375,"sma_20":253.0190002441406,"sma_50":260.7445098876953,"sma_200":249.99817344665527,"rsi":54.98823218301895,"avg_vol_20":40514946.6,"current_vol":"12435032","vol_ratio":0.30692455608469194,"high_52w":285.9224548339844,"low_52w":189.59365844726562,"off_high":-9.104720439205146,"off_low":37.077377364245756,"trend_signals":["Golden Cross","Above 20d","Below 50d"],"macd":-0.6443703401211565,"macd_signal":-2.006754961128766,"macd_histogram":1.3623846210076094,"macd_crossover":null,"bb_upper":260.46957145292004,"bb_lower":245.56842903536122,"bb_width":5.889337323750608,"bb_pct_b":0.9611065522198075,"atr":6.030740830534154,"atr_pct":2.320497322181521,"rs_vs_bench":-0.5548479074405366}}