{"AMZN":{"current":249.6999969482422,"sma_20":219.33050003051758,"sma_50":213.89260040283204,"sma_200":225.4340000152588,"rsi":76.17723088287961,"avg_vol_20":46419600.0,"current_vol":"41824900","vol_ratio":0.9010181044214082,"high_52w":254.0,"low_52w":167.32000732421875,"off_high":-1.6929145873062255,"off_low":49.234990448210034,"trend_signals":["Death Cross","Above 20d","Above 50d"],"macd":9.178204587967656,"macd_signal":4.565918593544914,"macd_histogram":4.612285994422742,"macd_crossover":null,"bb_upper":253.31176648160195,"bb_lower":185.34923357943322,"bb_width":30.986357525612007,"bb_pct_b":0.9468564607714244,"atr":6.601979726316683,"atr_pct":2.6439646804181347,"rs_vs_bench":11.47344605584173},"MSFT":{"current":420.260009765625,"sma_20":378.2384979248047,"sma_50":391.91160278320314,"sma_200":470.77660888671875,"rsi":70.77958037361284,"avg_vol_20":34345315.0,"current_vol":"41526900","vol_ratio":1.2090994070079135,"high_52w":539.8252563476562,"low_52w":356.3916015625,"off_high":-22.148879693214887,"off_low":17.92085108715012,"trend_signals":["Death Cross","Above 20d","Above 50d"],"macd":1.238020995327247,"macd_signal":-5.382122624212389,"macd_histogram":6.620143619539636,"macd_crossover":null,"bb_upper":409.54861615733535,"bb_lower":346.928379692274,"bb_width":16.555754321314613,"bb_pct_b":1.1710532283643806,"atr":9.808525007241736,"atr_pct":2.333918236168094,"rs_vs_bench":-0.10715121232240854},"NVDA":{"current":198.35000610351562,"sma_20":180.28249969482422,"sma_50":182.74199737548827,"sma_200":181.51530082702638,"rsi":68.89941741896675,"avg_vol_20":164483005.0,"current_vol":"133800000","vol_ratio":0.8134579010153663,"high_52w":207.01727294921875,"low_52w":96.88717651367188,"off_high":-4.186736073868195,"off_low":104.72266118264496,"trend_signals":["Golden Cross","Above 20d","Above 50d"],"macd":3.90188204817278,"macd_signal":0.9562251425788912,"macd_histogram":2.945656905593889,"macd_crossover":null,"bb_upper":199.53996588910036,"bb_lower":161.0250335005481,"bb_width":21.363655625892125,"bb_pct_b":0.9691039367905414,"atr":5.270140715925084,"atr_pct":2.656990448074241,"rs_vs_bench":2.945522029277093},"GOOG":{"current":332.7699890136719,"sma_20":302.5819976806641,"sma_50":306.85035888671877,"sma_200":271.7356428527832,"rsi":70.01298697318484,"avg_vol_20":20202630.0,"current_vol":"13926500","vol_ratio":0.6893409422436584,"high_52w":344.6571960449219,"low_52w":149.3437042236328,"off_high":-3.4489942956829043,"off_low":122.82157171846342,"trend_signals":["Golden Cross","Above 20d","Above 50d"],"macd":6.929564851969133,"macd_signal":1.777222603401045,"macd_histogram":5.152342248568088,"macd_crossover":null,"bb_upper":339.45084702824295,"bb_lower":265.7131483330852,"bb_width":24.369492983841788,"bb_pct_b":0.9093969823740947,"atr":7.948916393578565,"atr_pct":2.3887119199478004,"rs_vs_bench":0.7068054626378615},"AAPL":{"current":263.3999938964844,"sma_20":255.32249908447267,"sma_50":260.6740704345703,"sma_200":251.51263038635253,"rsi":57.42977405772264,"avg_vol_20":42858315.0,"current_vol":"43263500","vol_ratio":1.0094540580981777,"high_52w":285.9224548339844,"low_52w":192.32179260253906,"off_high":-7.877122120603383,"off_low":36.957954858937256,"trend_signals":["Golden Cross","Above 20d","Above 50d"],"macd":1.281758429792717,"macd_signal":-0.2185292327519196,"macd_histogram":1.5002876625446366,"macd_crossover":null,"bb_upper":266.1271306615649,"bb_lower":244.51786750738046,"bb_width":8.463517015410012,"bb_pct_b":0.8737977900670612,"atr":5.896951897616276,"atr_pct":2.238782093493049,"rs_vs_bench":-2.3374689968002063}}