{"GOOG":{"current":332.97119140625,"sma_20":302.592057800293,"sma_50":306.8543829345703,"sma_200":271.7366487121582,"rsi":70.23294605843418,"avg_vol_20":19991894.5,"current_vol":"9711790","vol_ratio":0.48578637707396866,"high_52w":344.6571960449219,"low_52w":149.3437042236328,"off_high":-3.3906167556555955,"off_low":122.95629610716404,"trend_signals":["Golden Cross","Above 20d","Above 50d"],"macd":6.9456151772474755,"macd_signal":1.7804326582483818,"macd_histogram":5.165182518999094,"macd_crossover":null,"bb_upper":339.4956833488054,"bb_lower":265.68843225178057,"bb_width":24.3916683185838,"bb_pct_b":0.9116009356048431,"atr":7.948909836824286,"atr_pct":2.387266538961929,"rs_vs_bench":0.8266359965646082},"AMZN":{"current":248.89999389648438,"sma_20":219.29049987792968,"sma_50":213.8766003417969,"sma_200":225.43,"rsi":75.82467148159151,"avg_vol_20":45895765.2,"current_vol":"31348204","vol_ratio":0.6830304247765325,"high_52w":254.0,"low_52w":167.32000732421875,"off_high":-2.007876418706939,"off_low":48.756862898163,"trend_signals":["Death Cross","Above 20d","Above 50d"],"macd":9.114386673126347,"macd_signal":4.553155000947363,"macd_histogram":4.561231672178984,"macd_crossover":null,"bb_upper":253.12280258252403,"bb_lower":185.45819717333532,"bb_width":30.856149922981118,"bb_pct_b":0.9375920592383118,"atr":6.601979757606851,"atr_pct":2.652462804138342,"rs_vs_bench":11.14424946092958},"NVDA":{"current":198.50999450683594,"sma_20":180.29049911499024,"sma_50":182.7451971435547,"sma_200":181.51610076904296,"rsi":69.16560334520933,"avg_vol_20":163202168.15,"current_vol":"108183263","vol_ratio":0.6628788344317104,"high_52w":207.01727294921875,"low_52w":96.88717651367188,"off_high":-4.109453438926154,"off_low":104.88778974668949,"trend_signals":["Golden Cross","Above 20d","Above 50d"],"macd":3.9146446426276214,"macd_signal":0.9587776446759094,"macd_histogram":2.955866997951712,"macd_crossover":null,"bb_upper":199.57967262347398,"bb_lower":161.0013256065065,"bb_width":21.397881311739013,"bb_pct_b":0.9722725777709558,"atr":5.270140733204978,"atr_pct":2.6548490650547545,"rs_vs_bench":3.0891413230552676},"AAPL":{"current":263.92498779296875,"sma_20":255.34874877929687,"sma_50":260.6845703125,"sma_200":251.51525566101074,"rsi":58.21209102126231,"avg_vol_20":42174448.05,"current_vol":"29586161","vol_ratio":0.7015186295959125,"high_52w":285.9224548339844,"low_52w":192.32176208496094,"off_high":-7.693508036571682,"off_low":37.23095344580716,"trend_signals":["Golden Cross","Above 20d","Above 50d"],"macd":1.3236382964216205,"macd_signal":-0.2101532446380946,"macd_histogram":1.5337915410597152,"macd_crossover":null,"bb_upper":266.2382261754494,"bb_lower":244.4592713831443,"bb_width":8.529101825021712,"bb_pct_b":0.893785610717279,"atr":5.896951932612473,"atr_pct":2.234328769672325,"rs_vs_bench":-2.072574152392236},"MSFT":{"current":419.8500061035156,"sma_20":378.2179977416992,"sma_50":391.9034027099609,"sma_200":470.77455749511716,"rsi":70.63635250321988,"avg_vol_20":33821548.2,"current_vol":"31051564","vol_ratio":0.9181000176686175,"high_52w":539.8251953125,"low_52w":356.3916320800781,"off_high":-22.224822081439125,"off_low":17.8057979793361,"trend_signals":["Death Cross","Above 20d","Above 50d"],"macd":1.2053141323325463,"macd_signal":-5.38866401987641,"macd_histogram":6.5939781522089564,"macd_crossover":null,"bb_upper":409.41259374168146,"bb_lower":347.02340174171695,"bb_width":16.495564032511396,"bb_pct_b":1.1672952001340249,"atr":9.789952936306275,"atr_pct":2.3317739178244823,"rs_vs_bench":-0.15852514324268174}}