{"GOOG":{"current":303.92999267578125,"sma_20":296.39649963378906,"sma_50":308.89302490234377,"sma_200":266.4181247711182,"rsi":54.805228498586864,"avg_vol_20":19966795.3,"current_vol":"16569006","vol_ratio":0.8298280095053611,"high_52w":344.6571960449219,"low_52w":146.07501220703125,"off_high":-11.816727994221925,"off_low":108.06432810357947,"trend_signals":["Golden Cross","Above 20d","Below 50d"],"macd":-4.021390665497563,"macd_signal":-5.779222425627032,"macd_histogram":1.757831760129469,"macd_crossover":null,"bb_upper":318.453453491842,"bb_lower":274.3395457757361,"bb_width":14.883410489196264,"bb_pct_b":0.6707736501258019,"atr":7.934093584939138,"atr_pct":2.6105003705254157,"rs_vs_bench":2.0562639326622945},"AMZN":{"current":213.77000427246094,"sma_20":209.3604995727539,"sma_50":214.05920013427735,"sma_200":224.5457000732422,"rsi":53.764621966683094,"avg_vol_20":41408331.55,"current_vol":"26704731","vol_ratio":0.6449120261644544,"high_52w":254.0,"low_52w":167.32000732421875,"off_high":-15.83858099509412,"off_low":27.761173150223005,"trend_signals":["Death Cross","Above 20d","Below 50d"],"macd":-0.8934169705170518,"macd_signal":-1.9036877081432064,"macd_histogram":1.0102707376261546,"macd_crossover":null,"bb_upper":217.48868147487264,"bb_lower":201.23231767063515,"bb_width":7.764771213964508,"bb_pct_b":0.7712479096067987,"atr":5.761038593777431,"atr_pct":2.6949705190793227,"rs_vs_bench":2.7724073236216618},"NVDA":{"current":178.10000610351562,"sma_20":177.3859992980957,"sma_50":182.30937286376954,"sma_200":180.1310691833496,"rsi":49.93044057162869,"avg_vol_20":172051534.7,"current_vol":"124981494","vol_ratio":0.7264189431261144,"high_52w":207.01727294921875,"low_52w":96.27731323242188,"off_high":-13.968528535682392,"off_low":84.98647305784966,"trend_signals":["Golden Cross","Above 20d","Below 50d"],"macd":-2.097695789782989,"macd_signal":-2.6904460033333226,"macd_histogram":0.5927502135503335,"macd_crossover":null,"bb_upper":188.27801147441676,"bb_lower":166.49398712177464,"bb_width":12.280577068562355,"bb_pct_b":0.532776625377456,"atr":5.345430790216308,"atr_pct":3.0013647428565644,"rs_vs_bench":-0.5709926105255003},"MSFT":{"current":372.2900085449219,"sma_20":381.8369995117188,"sma_50":399.84160766601565,"sma_200":474.22411743164065,"rsi":38.80400252762341,"avg_vol_20":31284914.95,"current_vol":"20486199","vol_ratio":0.6548267442229374,"high_52w":539.8252563476562,"low_52w":351.8662414550781,"off_high":-31.03508882415812,"off_low":5.804412212261402,"trend_signals":["Death Cross","Below 20d","Below 50d"],"macd":-10.096102647713963,"macd_signal":-10.794697286539254,"macd_histogram":0.6985946388252913,"macd_crossover":null,"bb_upper":413.0141036980691,"bb_lower":350.65989532536844,"bb_width":16.330059279859544,"bb_pct_b":0.34689099234917603,"atr":8.426084983048169,"atr_pct":2.26331214635094,"rs_vs_bench":-5.2150330386703585},"AAPL":{"current":253.5,"sma_20":253.1614990234375,"sma_50":260.632705078125,"sma_200":249.4106175994873,"rsi":46.899594575106164,"avg_vol_20":40616918.05,"current_vol":"60820961","vol_ratio":1.4974292467273993,"high_52w":285.9224548339844,"low_52w":171.67176818847656,"off_high":-11.33959725297192,"off_low":47.665514647513334,"trend_signals":["Golden Cross","Above 20d","Below 50d"],"macd":-1.6645120142672738,"macd_signal":-2.648161617089444,"macd_histogram":0.9836496028221702,"macd_crossover":null,"bb_upper":261.1507735059873,"bb_lower":245.17222454088775,"bb_width":6.311603078167995,"bb_pct_b":0.5211847131614918,"atr":6.1854160361163775,"atr_pct":2.4400063258841724,"rs_vs_bench":0.22343096527817075}}