{"AMZN":{"current":249.22999572753906,"sma_20":219.30699996948243,"sma_50":213.88320037841797,"sma_200":225.43165000915528,"rsi":75.97135926277281,"avg_vol_20":45616616.5,"current_vol":"25849230","vol_ratio":0.5666625888397487,"high_52w":254.0,"low_52w":167.32000732421875,"off_high":-1.877954437976747,"off_low":48.95409085453957,"trend_signals":["Death Cross","Above 20d","Above 50d"],"macd":9.140711605518163,"macd_signal":4.558419987425727,"macd_histogram":4.5822916180924365,"macd_crossover":null,"bb_upper":253.20037204484848,"bb_lower":185.4136278941164,"bb_width":30.90952142893976,"bb_pct_b":0.9414284257629958,"atr":6.601979757606851,"atr_pct":2.648950716519775,"rs_vs_bench":11.442467519951729},"GOOG":{"current":332.6698913574219,"sma_20":302.5769927978516,"sma_50":306.8483569335938,"sma_200":271.73514205932617,"rsi":69.90407028861082,"avg_vol_20":19882376.6,"current_vol":"7554932","vol_ratio":0.37998133482694413,"high_52w":344.6571960449219,"low_52w":149.34371948242188,"off_high":-3.4780369668932143,"off_low":122.75452393334689,"trend_signals":["Golden Cross","Above 20d","Above 50d"],"macd":6.921579844362441,"macd_signal":1.7756255899523063,"macd_histogram":5.145954254410134,"macd_crossover":null,"bb_upper":339.4286106934175,"bb_lower":265.72537490228564,"bb_width":24.3585062795479,"bb_pct_b":0.908298200703844,"atr":7.903916027751217,"atr_pct":2.375903630923791,"rs_vs_bench":0.8682258930075459},"NVDA":{"current":198.09109497070312,"sma_20":180.2695541381836,"sma_50":182.73681915283203,"sma_200":181.5140062713623,"rsi":68.47295932010644,"avg_vol_20":162134474.65,"current_vol":"87233393","vol_ratio":0.538031120082949,"high_52w":207.01727294921875,"low_52w":96.88717651367188,"off_high":-4.311803479657088,"off_low":104.45543166669763,"trend_signals":["Golden Cross","Above 20d","Above 50d"],"macd":3.8812281554147603,"macd_signal":0.9520943472333372,"macd_histogram":2.9291338081814233,"macd_crossover":null,"bb_upper":199.4761618070137,"bb_lower":161.06294646935348,"bb_width":21.30876482238094,"bb_pct_b":0.9639429601470338,"atr":5.270140733204978,"atr_pct":2.6604632247524354,"rs_vs_bench":2.9946834832257796},"MSFT":{"current":418.82000732421875,"sma_20":378.1664978027344,"sma_50":391.882802734375,"sma_200":470.7694078063965,"rsi":70.27026834952497,"avg_vol_20":33543694.1,"current_vol":"25764582","vol_ratio":0.7680901788333444,"high_52w":539.8252563476562,"low_52w":356.3916015625,"off_high":-22.41563313323528,"off_low":17.516800476784173,"trend_signals":["Death Cross","Above 20d","Above 50d"],"macd":1.123148988979267,"macd_signal":-5.4050970467264,"macd_histogram":6.528246035705667,"macd_crossover":null,"bb_upper":409.07377648945265,"bb_lower":347.25921911601614,"bb_width":16.34585764011313,"bb_pct_b":1.1576688606841716,"atr":9.789952936306666,"atr_pct":2.337508420109459,"rs_vs_bench":-0.2831517972560871},"AAPL":{"current":264.0899963378906,"sma_20":255.35699920654298,"sma_50":260.68787048339846,"sma_200":251.51608039855958,"rsi":58.46239885015423,"avg_vol_20":41914402.0,"current_vol":"24563740","vol_ratio":0.586045340692204,"high_52w":285.9224548339844,"low_52w":192.32179260253906,"off_high":-7.635797093575728,"off_low":37.3167298225381,"trend_signals":["Golden Cross","Above 20d","Above 50d"],"macd":1.336801371480533,"macd_signal":-0.20752062930829657,"macd_histogram":1.5443220007888294,"macd_crossover":null,"bb_upper":266.2740508828153,"bb_lower":244.43994753027067,"bb_width":8.550422906123014,"bb_pct_b":0.8999704952541535,"atr":5.896951932813047,"atr_pct":2.232932717855839,"rs_vs_bench":-1.8661540970590584}}