{"AMZN":{"current":248.5,"sma_20":217.33899993896483,"sma_50":213.67100036621093,"sma_200":225.2824500274658,"rsi":75.64445286969713,"avg_vol_20":46084728.05,"current_vol":"40326061","vol_ratio":0.8750417482391979,"high_52w":254.0,"low_52w":167.32000732421875,"off_high":-2.1653543307086616,"off_low":48.51780368290173,"trend_signals":["Death Cross","Above 20d","Above 50d"],"macd":8.162611953040198,"macd_signal":3.4128470829026174,"macd_histogram":4.7497648701375805,"macd_crossover":null,"bb_upper":248.3664040862986,"bb_lower":186.31159579163108,"bb_width":28.552081454361307,"bb_pct_b":1.0021528696546291,"atr":6.663670273441393,"atr_pct":2.681557454101164,"rs_vs_bench":11.127483445185636},"NVDA":{"current":198.8699951171875,"sma_20":179.38499908447267,"sma_50":182.38160186767578,"sma_200":181.31336975097656,"rsi":69.77215316200945,"avg_vol_20":165236728.0,"current_vol":"177529760","vol_ratio":1.0743964864760576,"high_52w":207.01727294921875,"low_52w":96.88717651367188,"off_high":-3.935554611440454,"off_low":105.25935657658958,"trend_signals":["Golden Cross","Above 20d","Above 50d"],"macd":3.135426912307196,"macd_signal":0.21981089492331457,"macd_histogram":2.9156160173838814,"macd_crossover":null,"bb_upper":196.6690433858703,"bb_lower":162.10095478307503,"bb_width":19.270334074320854,"bb_pct_b":1.0636700442598153,"atr":5.364766286311,"atr_pct":2.697624789073747,"rs_vs_bench":2.959208237813482},"MSFT":{"current":411.2200012207031,"sma_20":376.8149978637695,"sma_50":391.71187377929687,"sma_200":471.1479948425293,"rsi":67.25830773328744,"avg_vol_20":33461872.95,"current_vol":"43012959","vol_ratio":1.2854319022808913,"high_52w":539.8252563476562,"low_52w":356.3916015625,"off_high":-23.823497254846714,"off_low":15.38431304717149,"trend_signals":["Death Cross","Above 20d","Above 50d"],"macd":-1.8703560716958805,"macd_signal":-7.037158555696269,"macd_histogram":5.166802484000389,"macd_crossover":null,"bb_upper":402.0875982838413,"bb_lower":351.5423974436977,"bb_width":13.413797520452537,"bb_pct_b":1.1806779434064243,"atr":9.824558442818871,"atr_pct":2.3891246567907083,"rs_vs_bench":-2.3198645493604175},"AAPL":{"current":266.42999267578125,"sma_20":254.64949951171874,"sma_50":260.79063232421873,"sma_200":251.21836845397948,"rsi":62.2587872275151,"avg_vol_20":42247764.8,"current_vol":"45208096","vol_ratio":1.0700707176820867,"high_52w":285.9224548339844,"low_52w":192.32176208496094,"off_high":-6.81739465671595,"off_low":38.53346068973823,"trend_signals":["Golden Cross","Above 20d","Above 50d"],"macd":0.964557295216764,"macd_signal":-0.5936011299030234,"macd_histogram":1.5581584251197875,"macd_crossover":null,"bb_upper":265.0030606166578,"bb_lower":244.29593840677967,"bb_width":8.131617085281265,"bb_pct_b":1.068910206095308,"atr":5.896770586597773,"atr_pct":2.2132532930605735,"rs_vs_bench":-0.6815725386337901},"GOOG":{"current":334.4700012207031,"sma_20":301.2584976196289,"sma_50":307.00416259765626,"sma_200":270.9567496490479,"rsi":71.91601686805315,"avg_vol_20":20112056.8,"current_vol":"13370736","vol_ratio":0.6648119649304093,"high_52w":344.6571960449219,"low_52w":149.3437042236328,"off_high":-2.9557470266458536,"off_low":123.95989369585698,"trend_signals":["Golden Cross","Above 20d","Above 50d"],"macd":5.773108462373557,"macd_signal":0.4891370263350705,"macd_histogram":5.283971436038486,"macd_crossover":null,"bb_upper":335.36115326414756,"bb_lower":267.1558419751102,"bb_width":22.640128603161884,"bb_pct_b":0.9869342720295206,"atr":8.111743130203608,"atr_pct":2.425252818069923,"rs_vs_bench":1.91771858117895}}