{"AMZN":{"current":231.94000244140625,"sma_20":210.67099990844727,"sma_50":213.46100036621092,"sma_200":224.72085006713868,"rsi":68.05340228858789,"avg_vol_20":41912457.15,"current_vol":"27478743","vol_ratio":0.6556223344686438,"high_52w":254.0,"low_52w":167.32000732421875,"off_high":-8.685038408895176,"off_low":38.62060261088339,"trend_signals":["Death Cross","Above 20d","Above 50d"],"macd":1.741360737250261,"macd_signal":-0.8530571173649597,"macd_histogram":2.594417854615221,"macd_crossover":null,"bb_upper":224.39879799859216,"bb_lower":196.94320181830238,"bb_width":13.03245163891629,"bb_pct_b":1.274669120032727,"atr":6.570232815698157,"atr_pct":2.83272947595918,"rs_vs_bench":8.677049137970517},"GOOG":{"current":315.3999938964844,"sma_20":297.13599853515626,"sma_50":308.13343811035156,"sma_200":267.9038746643066,"rsi":62.19289369953968,"avg_vol_20":19972237.55,"current_vol":"6416951","vol_ratio":0.32129354479863975,"high_52w":344.6571960449219,"low_52w":149.3437042236328,"off_high":-8.488783197964676,"off_low":111.19068630050364,"trend_signals":["Golden Cross","Above 20d","Above 50d"],"macd":-0.45343919220169937,"macd_signal":-4.119556095128613,"macd_histogram":3.6661169029269134,"macd_crossover":null,"bb_upper":321.16264459231945,"bb_lower":273.10935247799307,"bb_width":16.17215428329895,"bb_pct_b":0.8800779209440048,"atr":8.293991098013699,"atr_pct":2.6296738295866366,"rs_vs_bench":2.0019983802751495},"NVDA":{"current":183.35499572753906,"sma_20":177.1182487487793,"sma_50":182.1186785888672,"sma_200":180.51838356018067,"rsi":56.02004268035448,"avg_vol_20":166176986.6,"current_vol":"52061432","vol_ratio":0.3132890604480368,"high_52w":207.01727294921875,"low_52w":96.88717651367188,"off_high":-11.430098022537488,"off_low":89.24588611751484,"trend_signals":["Golden Cross","Above 20d","Above 50d"],"macd":-0.825402064338391,"macd_signal":-2.11906428157298,"macd_histogram":1.2936622172345889,"macd_crossover":null,"bb_upper":187.2816990285354,"bb_lower":166.95479846902322,"bb_width":11.476457509662609,"bb_pct_b":0.8068223293807183,"atr":5.296920806385389,"atr_pct":2.8888881840211655,"rs_vs_bench":-1.900923962834944},"MSFT":{"current":370.135009765625,"sma_20":378.5282485961914,"sma_50":395.7570147705078,"sma_200":473.1572631835937,"rsi":38.000170945134386,"avg_vol_20":30754690.65,"current_vol":"12647513","vol_ratio":0.41123850484901564,"high_52w":539.8252563476562,"low_52w":356.3916015625,"off_high":-31.43429185401951,"off_low":3.8562660126868433,"trend_signals":["Death Cross","Below 20d","Below 50d"],"macd":-8.950705351236195,"macd_signal":-10.190880355705472,"macd_histogram":1.2401750044692772,"macd_crossover":null,"bb_upper":405.62690193076315,"bb_lower":351.4295952616197,"bb_width":14.31790279064757,"bb_pct_b":0.3451354994113573,"atr":8.687342636623914,"atr_pct":2.3470740155395915,"rs_vs_bench":-9.912853090552465},"AAPL":{"current":258.6199951171875,"sma_20":252.95549926757812,"sma_50":260.7191094970703,"sma_200":249.9918229675293,"rsi":53.43918236640644,"avg_vol_20":40383854.5,"current_vol":"9813190","vol_ratio":0.24299785450148154,"high_52w":285.9224548339844,"low_52w":189.5936737060547,"off_high":-9.548903646847027,"off_low":36.407502456095116,"trend_signals":["Golden Cross","Above 20d","Below 50d"],"macd":-0.7456824391124428,"macd_signal":-2.027017380459906,"macd_histogram":1.2813349413474633,"macd_crossover":null,"bb_upper":260.17764300814406,"bb_lower":245.73335552701218,"bb_width":5.710208919337472,"bb_pct_b":0.8921616664725577,"atr":6.030740830824716,"atr_pct":2.3318927169927557,"rs_vs_bench":-0.9000823820849213}}