{"GOOG":{"current":315.2149963378906,"sma_20":296.81074981689454,"sma_50":308.5302215576172,"sma_200":267.157434463501,"rsi":62.06599738647964,"avg_vol_20":19986691.8,"current_vol":"14467636","vol_ratio":0.7238634659889036,"high_52w":344.6571960449219,"low_52w":146.07501220703125,"off_high":-8.54245901286617,"off_low":115.78981344950243,"trend_signals":["Golden Cross","Above 20d","Above 50d"],"macd":-2.02564422547033,"macd_signal":-5.028506785595839,"macd_histogram":3.002862560125509,"macd_crossover":null,"bb_upper":319.9836379787021,"bb_lower":273.63786165508697,"bb_width":15.614588202147772,"bb_pct_b":0.8971073090347249,"atr":8.471276871601408,"atr_pct":2.687459978116248,"rs_vs_bench":2.744699357925462},"AMZN":{"current":220.7050018310547,"sma_20":209.67924957275392,"sma_50":213.70490020751953,"sma_200":224.60077507019042,"rsi":60.25566384203904,"avg_vol_20":41345291.2,"current_vol":"34094024","vol_ratio":0.8246168550386216,"high_52w":254.0,"low_52w":167.32000732421875,"off_high":-13.10826699564776,"off_low":31.90592407959375,"trend_signals":["Death Cross","Above 20d","Above 50d"],"macd":0.06296795229130225,"macd_signal":-1.510356576056305,"macd_histogram":1.5733245283476072,"macd_crossover":null,"bb_upper":219.03524531378608,"bb_lower":200.32325383172176,"bb_width":8.9241026568877,"bb_pct_b":1.0892345701882717,"atr":6.2231069604746905,"atr_pct":2.819649264332648,"rs_vs_bench":4.329458732377789},"NVDA":{"current":181.80499267578125,"sma_20":177.2382484436035,"sma_50":182.2162744140625,"sma_200":180.32096382141114,"rsi":54.3091617100562,"avg_vol_20":168769180.8,"current_vol":"111549116","vol_ratio":0.6609566715394046,"high_52w":207.01727294921875,"low_52w":96.27731323242188,"off_high":-12.178829290067048,"off_low":88.8347177251281,"trend_signals":["Golden Cross","Above 20d","Below 50d"],"macd":-1.4725526343739546,"macd_signal":-2.446867329550391,"macd_histogram":0.9743146951764365,"macd_crossover":null,"bb_upper":187.7837441618323,"bb_lower":166.69275272537473,"bb_width":11.899796811165523,"bb_pct_b":0.7165258207958749,"atr":5.476699806735745,"atr_pct":3.0124034143014553,"rs_vs_bench":-1.7296018804061952},"AAPL":{"current":257.55999755859375,"sma_20":252.9979995727539,"sma_50":260.6804803466797,"sma_200":249.69646675109863,"rsi":52.28349032781166,"avg_vol_20":40394643.2,"current_vol":"25588964","vol_ratio":0.6334741929345721,"high_52w":285.9224548339844,"low_52w":171.6717987060547,"off_high":-9.91963268217558,"off_low":50.030464817113774,"trend_signals":["Golden Cross","Above 20d","Below 50d"],"macd":-1.2510025532692453,"macd_signal":-2.3687298048186873,"macd_histogram":1.117727251549442,"macd_crossover":null,"bb_upper":260.4417090861329,"bb_lower":245.5542900593749,"bb_width":5.8844018734926316,"bb_pct_b":0.8064331015094229,"atr":6.190022636600853,"atr_pct":2.403332309083692,"rs_vs_bench":-0.7045773962241375},"MSFT":{"current":371.9599914550781,"sma_20":380.1469985961914,"sma_50":397.89662658691407,"sma_200":473.710703125,"rsi":38.57756063037623,"avg_vol_20":30815040.1,"current_vol":"22034202","vol_ratio":0.7150470007014529,"high_52w":539.8251953125,"low_52w":351.8662414550781,"off_high":-31.096215092414536,"off_low":5.710621717191736,"trend_signals":["Death Cross","Below 20d","Below 50d"],"macd":-9.514889674545145,"macd_signal":-10.53873576701741,"macd_histogram":1.0238460924722652,"macd_crossover":null,"bb_upper":409.47339761615814,"bb_lower":350.82059957622465,"bb_width":15.428978331152637,"bb_pct_b":0.3604157446071169,"atr":8.759885421456884,"atr_pct":2.3550611954766705,"rs_vs_bench":-7.589266928291927}}