{"AMZN":{"current":253.7700958251953,"sma_20":221.58100509643555,"sma_50":214.30820220947265,"sma_200":225.60055046081544,"rsi":77.93987958477487,"avg_vol_20":46122099.85,"current_vol":"30490597","vol_ratio":0.6610843196463875,"high_52w":254.0,"low_52w":167.32000732421875,"off_high":-0.09051345464751476,"off_low":51.667514174476935,"trend_signals":["Death Cross","Above 20d","Above 50d"],"macd":10.19398214511017,"macd_signal":5.691531303857965,"macd_histogram":4.502450841252204,"macd_crossover":null,"bb_upper":258.4534893207206,"bb_lower":184.70852087215047,"bb_width":33.28126813779691,"bb_pct_b":0.9364920265876646,"atr":6.593266583546854,"atr_pct":2.5981258989981626,"rs_vs_bench":12.148040869290577},"GOOG":{"current":337.29998779296875,"sma_20":304.1604965209961,"sma_50":306.93425231933594,"sma_200":272.5395803070068,"rsi":72.12938465116984,"avg_vol_20":19928826.0,"current_vol":"9923620","vol_ratio":0.49795306557445984,"high_52w":344.6571960449219,"low_52w":149.34371948242188,"off_high":-2.13464518843071,"off_low":125.85481931342268,"trend_signals":["Golden Cross","Above 20d","Above 50d"],"macd":8.11801844388799,"macd_signal":3.045381771509539,"macd_histogram":5.072636672378452,"macd_crossover":null,"bb_upper":344.166622172755,"bb_lower":264.1543708692372,"bb_width":26.30593131544109,"bb_pct_b":0.9141802128059311,"atr":7.735423934913462,"atr_pct":2.293336559401652,"rs_vs_bench":1.4694147103561104},"NVDA":{"current":200.26499938964844,"sma_20":181.36774978637695,"sma_50":183.26368591308594,"sma_200":181.75025329589843,"rsi":70.3693570804478,"avg_vol_20":161255070.75,"current_vol":"106409815","vol_ratio":0.6598850783735741,"high_52w":207.01727294921875,"low_52w":96.88717651367188,"off_high":-3.2616957335857877,"off_low":106.69918001108101,"trend_signals":["Golden Cross","Above 20d","Above 50d"],"macd":4.610678179660425,"macd_signal":1.6871157497968503,"macd_histogram":2.923562429863575,"macd_crossover":null,"bb_upper":202.56514508457104,"bb_lower":160.17035448818285,"bb_width":23.37504360412624,"bb_pct_b":0.9457446147848513,"atr":5.131558277237401,"atr_pct":2.562383987654833,"rs_vs_bench":4.54197722876275},"MSFT":{"current":424.7049865722656,"sma_20":380.0227478027344,"sma_50":392.1407666015625,"sma_200":470.454091796875,"rsi":72.35398516568503,"avg_vol_20":34582387.2,"current_vol":"29880244","vol_ratio":0.8640306936358633,"high_52w":539.8251953125,"low_52w":356.3916320800781,"off_high":-21.32546048977805,"off_low":19.168057929272052,"trend_signals":["Death Cross","Above 20d","Above 50d"],"macd":4.013835680810871,"macd_signal":-3.5029309648617657,"macd_histogram":7.516766645672637,"macd_crossover":null,"bb_upper":417.39923832349064,"bb_lower":342.64625728197814,"bb_width":19.670659578598688,"bb_pct_b":1.0977318649635912,"atr":9.916485850089146,"atr_pct":2.3349115653488584,"rs_vs_bench":-0.2020628156443447},"AAPL":{"current":270.4599914550781,"sma_20":256.3974983215332,"sma_50":260.55864013671874,"sma_200":251.82898307800292,"rsi":64.3652761790159,"avg_vol_20":42859139.7,"current_vol":"34880594","vol_ratio":0.8138426072980648,"high_52w":285.9224548339844,"low_52w":192.32176208496094,"off_high":-5.4079220143392535,"off_low":40.628906746184285,"trend_signals":["Golden Cross","Above 20d","Above 50d"],"macd":2.078861601602455,"macd_signal":0.24094893382461874,"macd_histogram":1.8379126677778361,"macd_crossover":null,"bb_upper":268.70979598742923,"bb_lower":244.08520065563715,"bb_width":9.604070044752078,"bb_pct_b":1.0710750956134198,"atr":6.11145489734917,"atr_pct":2.2596521076812386,"rs_vs_bench":-2.3583855013090904}}