{"AMZN":{"current":231.5800018310547,"sma_20":210.6529998779297,"sma_50":213.4538003540039,"sma_200":224.7190500640869,"rsi":67.85058543531349,"avg_vol_20":42754716.3,"current_vol":"44323926","vol_ratio":1.0367026105141062,"high_52w":254.0,"low_52w":167.32000732421875,"off_high":-8.826770932655634,"off_low":38.40544566933845,"trend_signals":["Death Cross","Above 20d","Above 50d"],"macd":1.712642739843318,"macd_signal":-0.8588007168463484,"macd_histogram":2.5714434566896665,"macd_crossover":null,"bb_upper":224.2638199123813,"bb_lower":197.04217984347807,"bb_width":12.922502924087375,"bb_pct_b":1.2687634507015266,"atr":6.6816612127405675,"atr_pct":2.885249658826353,"rs_vs_bench":8.596966327468312},"GOOG":{"current":316.29998779296875,"sma_20":297.18099822998045,"sma_50":308.15143798828126,"sma_200":267.90837463378904,"rsi":62.70575921660949,"avg_vol_20":20145828.6,"current_vol":"9888772","vol_ratio":0.49085953208199135,"high_52w":344.6571960449219,"low_52w":149.3437042236328,"off_high":-8.227655936786855,"off_low":111.79331893317001,"trend_signals":["Golden Cross","Above 20d","Above 50d"],"macd":-0.38164480729687966,"macd_signal":-4.105197218147501,"macd_histogram":3.7235524108506217,"macd_crossover":null,"bb_upper":321.35459466496104,"bb_lower":273.00740179499985,"bb_width":16.26860167975699,"bb_pct_b":0.8954519058513366,"atr":8.434705470920843,"atr_pct":2.666679037762626,"rs_vs_bench":2.39055094636762},"MSFT":{"current":369.8399963378906,"sma_20":378.5134979248047,"sma_50":395.7511145019531,"sma_200":473.1557890319824,"rsi":37.80883628072102,"avg_vol_20":31124102.65,"current_vol":"20035753","vol_ratio":0.6437375311766619,"high_52w":539.8252563476562,"low_52w":356.3916320800781,"off_high":-31.488941654907,"off_low":3.773479242293424,"trend_signals":["Death Cross","Below 20d","Below 50d"],"macd":-8.974239185960187,"macd_signal":-10.195587122692164,"macd_histogram":1.221347936731977,"macd_crossover":null,"bb_upper":405.6317020540947,"bb_lower":351.3952937955147,"bb_width":14.328791061859198,"bb_pct_b":0.3400797201473612,"atr":8.687342636606466,"atr_pct":2.3489462261051934,"rs_vs_bench":-9.894534497086882},"NVDA":{"current":183.17999267578125,"sma_20":177.1094985961914,"sma_50":182.11517852783203,"sma_200":180.51750846862794,"rsi":55.83091230190587,"avg_vol_20":167495073.4,"current_vol":"78423168","vol_ratio":0.4682117892071684,"high_52w":207.01727294921875,"low_52w":96.88717651367188,"off_high":-11.514633505622873,"off_low":89.06526050940548,"trend_signals":["Golden Cross","Above 20d","Above 50d"],"macd":-0.8393624217465003,"macd_signal":-2.1218563530583374,"macd_histogram":1.282493931311837,"macd_crossover":null,"bb_upper":187.25061732202386,"bb_lower":166.96837987035894,"bb_width":11.451806714166297,"bb_pct_b":0.7993010063143472,"atr":5.324071641704528,"atr_pct":2.906470059275441,"rs_vs_bench":-1.9047503550650324},"AAPL":{"current":259.6600036621094,"sma_20":253.00749969482422,"sma_50":260.73990966796873,"sma_200":249.9970233154297,"rsi":54.724033022598576,"avg_vol_20":40654915.7,"current_vol":"15234414","vol_ratio":0.37472501757026144,"high_52w":285.9224548339844,"low_52w":189.5936737060547,"off_high":-9.185165672672966,"off_low":36.95604847273821,"trend_signals":["Golden Cross","Above 20d","Below 50d"],"macd":-0.6627187945135518,"macd_signal":-2.0104246515531106,"macd_histogram":1.3477058570395588,"macd_crossover":null,"bb_upper":260.4139939440339,"bb_lower":245.6010054456145,"bb_width":5.8547626122888525,"bb_pct_b":0.9490993811272463,"atr":6.066455116541673,"atr_pct":2.3363071058243667,"rs_vs_bench":-0.40171722827710976}}