{"AMZN":{"current":248.5,"sma_20":217.33899993896483,"sma_50":213.67100036621093,"sma_200":225.2824500274658,"rsi":75.64445286969713,"avg_vol_20":46216485.0,"current_vol":"42961200","vol_ratio":0.9295644184104438,"high_52w":254.0,"low_52w":167.32000732421875,"off_high":-2.1653543307086616,"off_low":48.51780368290173,"trend_signals":["Death Cross","Above 20d","Above 50d"],"macd":8.162611953040198,"macd_signal":3.4128470829026174,"macd_histogram":4.7497648701375805,"macd_crossover":null,"bb_upper":248.3664040862986,"bb_lower":186.31159579163108,"bb_width":28.552081454361307,"bb_pct_b":1.0021528696546291,"atr":6.663670273441393,"atr_pct":2.681557454101164,"rs_vs_bench":11.127483445185636},"GOOG":{"current":334.4700012207031,"sma_20":301.2584976196289,"sma_50":307.00416259765626,"sma_200":270.95674934387205,"rsi":71.9160168680451,"avg_vol_20":20197050.0,"current_vol":"15070600","vol_ratio":0.7461782785109706,"high_52w":344.6571960449219,"low_52w":149.34371948242188,"off_high":-2.9557470266458536,"off_low":123.9598708133629,"trend_signals":["Golden Cross","Above 20d","Above 50d"],"macd":5.773108462383618,"macd_signal":0.48913702634983414,"macd_histogram":5.283971436033784,"macd_crossover":null,"bb_upper":335.36115326414756,"bb_lower":267.1558419751102,"bb_width":22.640128603161884,"bb_pct_b":0.9869342720295206,"atr":8.11960140653839,"atr_pct":2.427602289264978,"rs_vs_bench":1.91771858117895},"MSFT":{"current":411.2200012207031,"sma_20":376.8149978637695,"sma_50":391.71187377929687,"sma_200":471.14799346923826,"rsi":67.25830772759332,"avg_vol_20":33550890.0,"current_vol":"44793300","vol_ratio":1.3350852987804496,"high_52w":539.8251953125,"low_52w":356.3916015625,"off_high":-23.823488641975754,"off_low":15.38431304717149,"trend_signals":["Death Cross","Above 20d","Above 50d"],"macd":-1.8703560732149072,"macd_signal":-7.037158557928629,"macd_histogram":5.166802484713722,"macd_crossover":null,"bb_upper":402.0875982838415,"bb_lower":351.54239744369755,"bb_width":13.413797520452627,"bb_pct_b":1.1806779434064196,"atr":9.824564982338298,"atr_pct":2.389126247063411,"rs_vs_bench":-2.3198645493604175},"NVDA":{"current":198.8699951171875,"sma_20":179.38499908447267,"sma_50":182.38160186767578,"sma_200":181.31336959838868,"rsi":69.77215316422081,"avg_vol_20":165606960.0,"current_vol":"184934400","vol_ratio":1.1167066891391522,"high_52w":207.01727294921875,"low_52w":96.88717651367188,"off_high":-3.935554611440454,"off_low":105.25935657658958,"trend_signals":["Golden Cross","Above 20d","Above 50d"],"macd":3.1354269124894074,"macd_signal":0.2198108951911879,"macd_histogram":2.9156160172982197,"macd_crossover":null,"bb_upper":196.66904338587017,"bb_lower":162.10095478307517,"bb_width":19.270334074320694,"bb_pct_b":1.06367004425982,"atr":5.364766286142892,"atr_pct":2.697624788989215,"rs_vs_bench":2.959208237813482},"AAPL":{"current":266.42999267578125,"sma_20":254.64949951171874,"sma_50":260.79063232421873,"sma_200":251.21836837768555,"rsi":62.25878722564954,"avg_vol_20":42474110.0,"current_vol":"49735000","vol_ratio":1.170948608458188,"high_52w":285.9224548339844,"low_52w":192.32177734375,"off_high":-6.81739465671595,"off_low":38.53344969850841,"trend_signals":["Golden Cross","Above 20d","Above 50d"],"macd":0.9645572954808586,"macd_signal":-0.5936011295146747,"macd_histogram":1.5581584249955331,"macd_crossover":null,"bb_upper":265.00306061665805,"bb_lower":244.29593840677944,"bb_width":8.131617085281443,"bb_pct_b":1.0689102060952953,"atr":5.897485570072096,"atr_pct":2.2135216500376322,"rs_vs_bench":-0.6815725386337901}}