{"GOOG":{"current":316.010009765625,"sma_20":298.5375,"sma_50":307.29814086914064,"sma_200":269.37503631591795,"rsi":62.2796880746679,"avg_vol_20":19432620.35,"current_vol":"1326507","vol_ratio":0.06826186978947489,"high_52w":344.6571960449219,"low_52w":149.34371948242188,"off_high":-8.311791138567454,"off_low":111.59912908344309,"trend_signals":["Golden Cross","Above 20d","Above 50d"],"macd":1.9099307053019174,"macd_signal":-2.1008699113879103,"macd_histogram":4.010800616689828,"macd_crossover":null,"bb_upper":325.2333336801099,"bb_lower":271.8416663198901,"bb_width":17.884408947023335,"bb_pct_b":0.8272516223878619,"atr":7.798084227067354,"atr_pct":2.467670006039035,"rs_vs_bench":2.030205130323659},"AMZN":{"current":236.22999572753906,"sma_20":213.62699966430665,"sma_50":213.29260040283202,"sma_200":224.9786499786377,"rsi":68.77170626328783,"avg_vol_20":43003193.25,"current_vol":"6437965","vol_ratio":0.14970899864511805,"high_52w":254.0,"low_52w":167.32000732421875,"off_high":-6.9960646741972194,"off_low":41.18454780472982,"trend_signals":["Death Cross","Above 20d","Above 50d"],"macd":4.774863313035837,"macd_signal":1.0059142883170928,"macd_histogram":3.7689490247187445,"macd_crossover":null,"bb_upper":235.18132479223925,"bb_lower":192.07267453637405,"bb_width":20.179401631631823,"bb_pct_b":1.0243262298651332,"atr":6.398779462325751,"atr_pct":2.7087074368429995,"rs_vs_bench":9.789033188965822},"MSFT":{"current":373.1199951171875,"sma_20":376.0039993286133,"sma_50":392.4345941162109,"sma_200":472.00835708618166,"rsi":41.037709026414994,"avg_vol_20":30532014.95,"current_vol":"3777199","vol_ratio":0.12371273255910678,"high_52w":539.8251953125,"low_52w":356.3916015625,"off_high":-30.881330038478165,"off_low":4.693823726862952,"trend_signals":["Death Cross","Below 20d","Below 50d"],"macd":-7.726844558851781,"macd_signal":-9.368027999845376,"macd_histogram":1.6411834409935953,"macd_crossover":null,"bb_upper":399.281721087075,"bb_lower":352.7262775701516,"bb_width":12.381635195384117,"bb_pct_b":0.4380522664255699,"atr":8.07485246280358,"atr_pct":2.1641435914651197,"rs_vs_bench":-8.485376106699649},"AAPL":{"current":257.8399963378906,"sma_20":253.67099990844727,"sma_50":260.8381329345703,"sma_200":250.58956932067872,"rsi":51.69399372777731,"avg_vol_20":39139668.35,"current_vol":"3247767","vol_ratio":0.08297890955430132,"high_52w":285.9224548339844,"low_52w":192.32176208496094,"off_high":-9.821704459133619,"off_low":34.06698937376939,"trend_signals":["Golden Cross","Above 20d","Below 50d"],"macd":-0.029398265553993497,"macd_signal":-1.3099128399453797,"macd_histogram":1.2805145743913862,"macd_crossover":null,"bb_upper":261.9652146259217,"bb_lower":245.37678519097287,"bb_width":6.539347990482076,"bb_pct_b":0.7513195384645646,"atr":5.690220994606325,"atr_pct":2.2068806528950935,"rs_vs_bench":0.20856450570145846},"NVDA":{"current":186.85000610351562,"sma_20":177.7504997253418,"sma_50":181.95919464111327,"sma_200":180.88776023864747,"rsi":58.74415342626118,"avg_vol_20":162611397.8,"current_vol":"20533156","vol_ratio":0.12627132093934929,"high_52w":207.01727294921875,"low_52w":96.88717651367188,"off_high":-9.741828089219466,"off_low":92.8531853512616,"trend_signals":["Golden Cross","Above 20d","Above 50d"],"macd":0.6982883975926768,"macd_signal":-1.1902643914080744,"macd_histogram":1.8885527890007512,"macd_crossover":null,"bb_upper":189.63635206151443,"bb_lower":165.86464738916916,"bb_width":13.373635916116722,"bb_pct_b":0.8827872886524503,"atr":5.208407313287875,"atr_pct":2.7874804084311333,"rs_vs_bench":0.20419391278763133}}