{"AMZN":{"current":248.69000244140625,"sma_20":217.34850006103517,"sma_50":213.67480041503907,"sma_200":225.28340003967284,"rsi":75.89400180787142,"avg_vol_20":45456837.05,"current_vol":"27953441","vol_ratio":0.6149446995014802,"high_52w":254.0,"low_52w":167.32000732421875,"off_high":-2.090550219918799,"off_low":48.63136000198441,"trend_signals":["Death Cross","Above 20d","Above 50d"],"macd":8.177768819776531,"macd_signal":3.4158784268022115,"macd_histogram":4.76189039297432,"macd_crossover":null,"bb_upper":248.4161671820903,"bb_lower":186.28083293998003,"bb_width":28.58788269744747,"bb_pct_b":1.0044070779155858,"atr":6.66367024437839,"atr_pct":2.6795086971573836,"rs_vs_bench":11.468782980519698},"GOOG":{"current":333.760009765625,"sma_20":301.222998046875,"sma_50":306.9899627685547,"sma_200":270.9531994628906,"rsi":71.61682871236961,"avg_vol_20":19879565.3,"current_vol":"8766606","vol_ratio":0.4409857996240994,"high_52w":344.6571960449219,"low_52w":149.34371948242188,"off_high":-3.161746339361665,"off_low":123.48446317148903,"trend_signals":["Golden Cross","Above 20d","Above 50d"],"macd":5.716470954899421,"macd_signal":0.4778095089783436,"macd_histogram":5.238661445921077,"macd_crossover":null,"bb_upper":335.18126018541506,"bb_lower":267.2647359083349,"bb_width":22.546925273783806,"bb_pct_b":0.9790735695779755,"atr":8.093173185185035,"atr_pct":2.424848078973953,"rs_vs_bench":1.9366886073800105},"MSFT":{"current":413.4800109863281,"sma_20":376.9279983520508,"sma_50":391.7570739746094,"sma_200":471.15929397583005,"rsi":68.14932989542345,"avg_vol_20":32894148.9,"current_vol":"31827978","vol_ratio":0.9675878253229406,"high_52w":539.8251953125,"low_52w":356.3916015625,"off_high":-23.404832790924434,"off_low":16.018449697899683,"trend_signals":["Death Cross","Above 20d","Above 50d"],"macd":-1.6900704556508117,"macd_signal":-7.00110151286826,"macd_histogram":5.311031057217448,"macd_crossover":null,"bb_upper":402.8599300033438,"bb_lower":350.9960667007578,"bb_width":13.759620810695287,"bb_pct_b":1.204768413047526,"atr":9.82455839325836,"atr_pct":2.3760661053052003,"rs_vs_bench":-1.492256300205086},"AAPL":{"current":265.4100036621094,"sma_20":254.59850006103517,"sma_50":260.7702325439453,"sma_200":251.21326873779296,"rsi":61.24002417757837,"avg_vol_20":41481089.8,"current_vol":"30030696","vol_ratio":0.723961114444973,"high_52w":285.9224548339844,"low_52w":192.32176208496094,"off_high":-7.174130896359706,"off_low":38.00310520494329,"trend_signals":["Golden Cross","Above 20d","Above 50d"],"macd":0.8831906157205935,"macd_signal":-0.6098745096767821,"macd_histogram":1.4930651253973757,"macd_crossover":null,"bb_upper":264.71506794569234,"bb_lower":244.481932176378,"bb_width":7.947075793637367,"bb_pct_b":1.0343464169044414,"atr":5.847127165925984,"atr_pct":2.2030545515420354,"rs_vs_bench":-0.8388999468748715},"NVDA":{"current":197.36000061035156,"sma_20":179.30949935913085,"sma_50":182.35140197753907,"sma_200":181.3058196258545,"rsi":68.70318710724656,"avg_vol_20":163326572.45,"current_vol":"139942649","vol_ratio":0.8568271953594163,"high_52w":207.01727294921875,"low_52w":96.88717651367188,"off_high":-4.6649596921490275,"off_low":103.70084846316254,"trend_signals":["Golden Cross","Above 20d","Above 50d"],"macd":3.014971476271171,"macd_signal":0.19571976479389352,"macd_histogram":2.8192517114772775,"macd_crossover":null,"bb_upper":196.2448438725882,"bb_lower":162.3741548456735,"bb_width":18.8895117927225,"bb_pct_b":1.0329239460371538,"atr":5.364766260938199,"atr_pct":2.718264209742213,"rs_vs_bench":2.3729485653445783}}