{"AMZN":{"current":238.3800048828125,"sma_20":212.19899978637696,"sma_50":213.40260040283204,"sma_200":224.85745002746583,"rsi":71.45660675668297,"avg_vol_20":44448087.95,"current_vol":"56515959","vol_ratio":1.2715048409635807,"high_52w":254.0,"low_52w":167.32000732421875,"off_high":-6.149604376845472,"off_low":42.46951616545152,"trend_signals":["Death Cross","Above 20d","Above 50d"],"macd":3.6214857202076587,"macd_signal":0.06367701289282357,"macd_histogram":3.5578087073148352,"macd_crossover":null,"bb_upper":231.0647537137384,"bb_lower":193.3332458590155,"bb_width":17.781190247224362,"bb_pct_b":1.1938764598870497,"atr":6.688685195822246,"atr_pct":2.805891878016531,"rs_vs_bench":11.735853754819757},"GOOG":{"current":315.7200012207031,"sma_20":297.8099990844727,"sma_50":307.7463726806641,"sma_200":268.6505093383789,"rsi":62.09065641631151,"avg_vol_20":20159645.5,"current_vol":"10987310","vol_ratio":0.5450150400710171,"high_52w":344.6571960449219,"low_52w":149.34368896484375,"off_high":-8.395935194820984,"off_low":111.40498363812694,"trend_signals":["Golden Cross","Above 20d","Above 50d"],"macd":0.89847089212725,"macd_signal":-3.103570048427939,"macd_histogram":4.002040940555188,"macd_crossover":null,"bb_upper":323.26517331834833,"bb_lower":272.354824850597,"bb_width":17.094909044108615,"bb_pct_b":0.8517949233361735,"atr":8.187175424575248,"atr_pct":2.5931760398201784,"rs_vs_bench":1.6782816196301065},"MSFT":{"current":370.8699951171875,"sma_20":377.12549896240233,"sma_50":393.62245056152346,"sma_200":472.589891204834,"rsi":38.372568459354994,"avg_vol_20":31680338.9,"current_vol":"27933678","vol_ratio":0.881735453909554,"high_52w":539.8251953125,"low_52w":356.3916015625,"off_high":-31.29813162898146,"off_low":4.062495718532929,"trend_signals":["Death Cross","Below 20d","Below 50d"],"macd":-8.31540261287364,"macd_signal":-9.778323864534194,"macd_histogram":1.4629212516605534,"macd_crossover":null,"bb_upper":401.9294524882757,"bb_lower":352.321545436529,"bb_width":13.154217147404387,"bb_pct_b":0.37390107309527026,"atr":8.46753333444779,"atr_pct":2.2831540555801015,"rs_vs_bench":-9.29144604896981},"AAPL":{"current":260.4800109863281,"sma_20":253.2849998474121,"sma_50":260.84210388183595,"sma_200":250.30511169433595,"rsi":55.64814811708603,"avg_vol_20":40671739.45,"current_vol":"28218689","vol_ratio":0.6938156415633706,"high_52w":285.9224548339844,"low_52w":192.32179260253906,"off_high":-8.898372064701578,"off_low":35.43967506825808,"trend_signals":["Golden Cross","Above 20d","Below 50d"],"macd":-0.1614764629720753,"macd_signal":-1.630041452605048,"macd_histogram":1.4685649896329727,"macd_crossover":null,"bb_upper":261.4802574273781,"bb_lower":245.08974226744616,"bb_width":6.4711748306477554,"bb_pct_b":0.9389740693754911,"atr":5.898476364086975,"atr_pct":2.2644641106056196,"rs_vs_bench":1.0899840266284544},"NVDA":{"current":188.6300048828125,"sma_20":177.420499420166,"sma_50":182.07218597412108,"sma_200":180.72493156433106,"rsi":61.35166895309031,"avg_vol_20":169598976.0,"current_vol":"159395820","vol_ratio":0.9398395188423779,"high_52w":207.01727294921875,"low_52w":96.88717651367188,"off_high":-8.881997045201459,"off_low":94.69037252437083,"trend_signals":["Golden Cross","Above 20d","Above 50d"],"macd":0.12882478608949555,"macd_signal":-1.6624025898595394,"macd_histogram":1.791227375949035,"macd_crossover":null,"bb_upper":188.58734450650095,"bb_lower":166.25365433383107,"bb_width":12.587998706834547,"bb_pct_b":1.0019101355835835,"atr":5.386746373004994,"atr_pct":2.8557208469307636,"rs_vs_bench":1.5970669500905421}}