{"AMZN":{"current":230.97999572753906,"sma_20":210.6229995727539,"sma_50":213.4418002319336,"sma_200":224.71605003356933,"rsi":67.5067705015798,"avg_vol_20":42635227.05,"current_vol":"41934141","vol_ratio":0.9835561788101232,"high_52w":254.0,"low_52w":167.32000732421875,"off_high":-9.062993808055488,"off_low":38.04684772692204,"trend_signals":["Death Cross","Above 20d","Above 50d"],"macd":1.6647790050899403,"macd_signal":-0.868373463797024,"macd_histogram":2.533152468886964,"macd_crossover":null,"bb_upper":224.04088122928593,"bb_lower":197.2051179162219,"bb_width":12.74113623274763,"bb_pct_b":1.2585771240155137,"atr":6.6816612127405675,"atr_pct":2.8927445390648314,"rs_vs_bench":8.25698191147286},"NVDA":{"current":183.22500610351562,"sma_20":177.11174926757812,"sma_50":182.11607879638672,"sma_200":180.51773399353027,"rsi":55.87971471001455,"avg_vol_20":167302688.1,"current_vol":"74575462","vol_ratio":0.44575172608957025,"high_52w":207.01727294921875,"low_52w":96.88717651367188,"off_high":-11.492889702754107,"off_low":89.11172014354295,"trend_signals":["Golden Cross","Above 20d","Above 50d"],"macd":-0.8357716072468406,"macd_signal":-2.12113819047372,"macd_histogram":1.2853665832268795,"macd_crossover":null,"bb_upper":187.25855903529373,"bb_lower":166.9649394998625,"bb_width":11.458087687210341,"bb_pct_b":0.8012403393718993,"atr":5.3240716419189695,"atr_pct":2.905756018319387,"rs_vs_bench":-1.933797982366392},"MSFT":{"current":370.9100036621094,"sma_20":378.56699829101564,"sma_50":395.7725146484375,"sma_200":473.1611390686035,"rsi":38.51215288674398,"avg_vol_20":31041626.95,"current_vol":"18386239","vol_ratio":0.5923091283074646,"high_52w":539.8252563476562,"low_52w":356.3916015625,"off_high":-31.290728008613716,"off_low":4.073721725191467,"trend_signals":["Death Cross","Below 20d","Below 50d"],"macd":-8.88888247633588,"macd_signal":-10.178515780767302,"macd_histogram":1.2896333044314225,"macd_crossover":null,"bb_upper":405.6172905421113,"bb_lower":351.51670603992,"bb_width":14.290887675476288,"bb_pct_b":0.3584674324803991,"atr":8.687342636606315,"atr_pct":2.3421699471121,"rs_vs_bench":-9.68189710805576},"AAPL":{"current":259.70001220703125,"sma_20":253.0095001220703,"sma_50":260.7407098388672,"sma_200":249.99722358703613,"rsi":54.770210914833584,"avg_vol_20":40618281.75,"current_vol":"14501735","vol_ratio":0.3570248266348687,"high_52w":285.9224548339844,"low_52w":189.59368896484375,"off_high":-9.17117287698817,"off_low":36.977139705946264,"trend_signals":["Golden Cross","Above 20d","Below 50d"],"macd":-0.6595272300403394,"macd_signal":-2.009786339120776,"macd_histogram":1.3502591090804366,"macd_crossover":null,"bb_upper":260.42357749604093,"bb_lower":245.59542274809968,"bb_width":5.860710661373216,"bb_pct_b":0.9512032817765039,"atr":6.0664551162460025,"atr_pct":2.3359471817852135,"rs_vs_bench":-0.43970055026738564},"GOOG":{"current":316.4700012207031,"sma_20":297.1894989013672,"sma_50":308.15483825683594,"sma_200":267.9092247009277,"rsi":62.80108360114938,"avg_vol_20":20118440.7,"current_vol":"9341014","vol_ratio":0.46430109267861897,"high_52w":344.6571960449219,"low_52w":149.3437042236328,"off_high":-8.178327668093978,"off_low":111.90715930469301,"trend_signals":["Golden Cross","Above 20d","Above 50d"],"macd":-0.36808248257744935,"macd_signal":-4.102484753203762,"macd_histogram":3.7344022706263127,"macd_crossover":null,"bb_upper":321.39150647835766,"bb_lower":272.9874913243767,"bb_width":16.287256223022037,"bb_pct_b":0.8983244418464371,"atr":8.434705470921063,"atr_pct":2.6652464493905637,"rs_vs_bench":2.3929958033879872}}