{"NVDA":{"current":188.14500427246094,"sma_20":177.81524963378905,"sma_50":181.9850946044922,"sma_200":180.89423477172852,"rsi":60.61852342968614,"avg_vol_20":165887076.85,"current_vol":"86046737","vol_ratio":0.5187066927329488,"high_52w":207.01727294921875,"low_52w":96.88717651367188,"off_high":-9.116277307636631,"off_low":94.18978965282527,"trend_signals":["Golden Cross","Above 20d","Above 50d"],"macd":0.8015930948415644,"macd_signal":-1.169603451944277,"macd_histogram":1.9711965467858414,"macd_crossover":null,"bb_upper":189.9218803945092,"bb_lower":165.7086188730689,"bb_width":13.617089406733998,"bb_pct_b":0.9266155812807424,"atr":5.281263671406256,"atr_pct":2.8070177530508484,"rs_vs_bench":0.23047250360657134},"MSFT":{"current":382.0,"sma_20":376.44799957275393,"sma_50":392.6121942138672,"sma_200":472.0527574157715,"rsi":49.634052270300515,"avg_vol_20":31375052.35,"current_vol":"20637947","vol_ratio":0.6577820737883167,"high_52w":539.8251953125,"low_52w":356.3916015625,"off_high":-29.236352190107834,"off_low":7.185466303141569,"trend_signals":["Death Cross","Above 20d","Below 50d"],"macd":-7.018468100967198,"macd_signal":-9.226352708273048,"macd_histogram":2.20788460730585,"macd_crossover":null,"bb_upper":399.83261164398493,"bb_lower":353.0633875015229,"bb_width":12.423820606177292,"bb_pct_b":0.6187105522711758,"atr":8.680567533238495,"atr_pct":2.2723998778111243,"rs_vs_bench":-6.945618391638808},"GOOG":{"current":317.4750061035156,"sma_20":298.61074981689455,"sma_50":307.32744079589844,"sma_200":269.38236145019533,"rsi":63.20648649584893,"avg_vol_20":19636204.5,"current_vol":"5398190","vol_ratio":0.27491005199095375,"high_52w":344.6571960449219,"low_52w":149.34371948242188,"off_high":-7.886732165564123,"off_low":112.5800851912512,"trend_signals":["Golden Cross","Above 20d","Above 50d"],"macd":2.0267965117500353,"macd_signal":-2.0774967479211246,"macd_histogram":4.104293259671159,"macd_crossover":null,"bb_upper":325.5156663099253,"bb_lower":271.7058333238638,"bb_width":18.02005889575548,"bb_pct_b":0.8505726600472361,"atr":7.920156719102672,"atr_pct":2.4947339371088106,"rs_vs_bench":1.8309259529090127},"AMZN":{"current":238.97999572753906,"sma_20":213.76449966430664,"sma_50":213.34760040283203,"sma_200":224.9923999786377,"rsi":71.7642322791672,"avg_vol_20":43928506.5,"current_vol":"24944230","vol_ratio":0.5678369693720409,"high_52w":254.0,"low_52w":167.32000732421875,"off_high":-5.913387508842889,"off_low":42.828104988343426,"trend_signals":["Death Cross","Above 20d","Above 50d"],"macd":4.994236532409047,"macd_signal":1.0497889321917349,"macd_histogram":3.9444476002173126,"macd_crossover":null,"bb_upper":235.95173297310623,"bb_lower":191.57726635550705,"bb_width":20.75857623098519,"bb_pct_b":1.0682433612223252,"atr":6.465922493854769,"atr_pct":2.7056333623951363,"rs_vs_bench":10.407274815969679},"AAPL":{"current":257.7900085449219,"sma_20":253.66850051879882,"sma_50":260.8371331787109,"sma_200":250.5893190765381,"rsi":51.62453662060459,"avg_vol_20":39807837.35,"current_vol":"16611147","vol_ratio":0.41728333177084787,"high_52w":285.9224548339844,"low_52w":192.32177734375,"off_high":-9.839187448707758,"off_low":34.04098698825769,"trend_signals":["Golden Cross","Above 20d","Below 50d"],"macd":-0.033385895446940594,"macd_signal":-1.3107103655233179,"macd_histogram":1.2773244700763773,"macd_crossover":null,"bb_upper":261.95745404849157,"bb_lower":245.37954698910605,"bb_width":6.535264341248776,"bb_pct_b":0.7486144970748698,"atr":5.75022073327759,"atr_pct":2.230583243211915,"rs_vs_bench":-0.4917285544809413}}