{"AMZN":{"current":220.66000366210938,"sma_20":209.67699966430663,"sma_50":213.70400024414062,"sma_200":224.6005500793457,"rsi":60.21942623007409,"avg_vol_20":40462820.75,"current_vol":"16444615","vol_ratio":0.40641296615486205,"high_52w":254.0,"low_52w":167.32000732421875,"off_high":-13.12598281019316,"off_low":31.879030601841198,"trend_signals":["Death Cross","Above 20d","Above 50d"],"macd":0.05937835476859732,"macd_signal":-1.5110744955608457,"macd_histogram":1.570452850329443,"macd_crossover":null,"bb_upper":219.02184641444785,"bb_lower":200.33215291416542,"bb_width":8.91356397230248,"bb_pct_b":1.0876503002918037,"atr":6.2231069604746905,"atr_pct":2.8202242623017284,"rs_vs_bench":4.243705404335795},"NVDA":{"current":181.10989379882812,"sma_20":177.20349349975587,"sma_50":182.20237243652343,"sma_200":180.31748832702635,"rsi":53.54699980950402,"avg_vol_20":166251654.95,"current_vol":"61198599","vol_ratio":0.36810820931921195,"high_52w":207.01727294921875,"low_52w":96.27731323242188,"off_high":-12.514597831044608,"off_low":88.11274195158829,"trend_signals":["Golden Cross","Above 20d","Below 50d"],"macd":-1.52800211769312,"macd_signal":-2.4579572265409384,"macd_histogram":0.9299551088478184,"macd_crossover":null,"bb_upper":187.6900348138941,"bb_lower":166.71695218561763,"bb_width":11.835592072176256,"bb_pct_b":0.6862578033143085,"atr":5.476699806969032,"atr_pct":3.0239650038403747,"rs_vs_bench":-2.1678433460161184},"MSFT":{"current":377.8999938964844,"sma_20":380.4439987182617,"sma_50":398.0154266357422,"sma_200":473.7404035949707,"rsi":44.35619072954996,"avg_vol_20":30213611.0,"current_vol":"10005620","vol_ratio":0.33116266705095265,"high_52w":539.8252563476562,"low_52w":351.8662414550781,"off_high":-29.995866356221274,"off_low":7.398763897823348,"trend_signals":["Death Cross","Below 20d","Below 50d"],"macd":-9.041043323675865,"macd_signal":-10.443966493966578,"macd_histogram":1.4029231702907126,"macd_crossover":null,"bb_upper":409.54070404908094,"bb_lower":351.34729338744245,"bb_width":15.296183106500703,"bb_pct_b":0.45628362742700784,"atr":8.732742215505029,"atr_pct":2.3108606394677875,"rs_vs_bench":-6.186757635087181},"GOOG":{"current":313.8999938964844,"sma_20":296.74499969482423,"sma_50":308.50392150878906,"sma_200":267.15085975646974,"rsi":61.34230292033713,"avg_vol_20":19660622.95,"current_vol":"7946259","vol_ratio":0.40417127271137665,"high_52w":344.6571960449219,"low_52w":146.07501220703125,"off_high":-8.923998251418686,"off_low":114.88958936494613,"trend_signals":["Golden Cross","Above 20d","Above 50d"],"macd":-2.130544705150328,"macd_signal":-5.04948688156186,"macd_histogram":2.918942176411532,"macd_crossover":null,"bb_upper":319.7044951688089,"bb_lower":273.7855042208396,"bb_width":15.474225680362895,"bb_pct_b":0.8735925778747715,"atr":8.471276871563573,"atr_pct":2.6987183932081145,"rs_vs_bench":2.253739286549694},"AAPL":{"current":258.70001220703125,"sma_20":253.05500030517578,"sma_50":260.7032806396484,"sma_200":249.70216667175293,"rsi":53.60436196895571,"avg_vol_20":39720526.85,"current_vol":"12106637","vol_ratio":0.3047954788142494,"high_52w":285.9224548339844,"low_52w":171.67176818847656,"off_high":-9.520918055477432,"off_low":50.69455795609172,"trend_signals":["Golden Cross","Above 20d","Below 50d"],"macd":-1.1600612134044468,"macd_signal":-2.3505415363524444,"macd_histogram":1.1904803229479977,"macd_crossover":null,"bb_upper":260.6614794624359,"bb_lower":245.44852114791564,"bb_width":6.011720098861498,"bb_pct_b":0.8710660205035523,"atr":6.190022636912752,"atr_pct":2.3927415325976207,"rs_vs_bench":-0.3320646266243843}}