{"GOOG":{"current":316.3699951171875,"sma_20":297.1844985961914,"sma_50":308.1528381347656,"sma_200":267.9087245178223,"rsi":62.745070608892966,"avg_vol_20":20343659.8,"current_vol":"13664196","vol_ratio":0.6716685264270886,"high_52w":344.6571960449219,"low_52w":149.34371948242188,"off_high":-8.207343775885498,"off_low":111.8401739380979,"trend_signals":["Golden Cross","Above 20d","Above 50d"],"macd":-0.3760601544610154,"macd_signal":-4.104080258373076,"macd_histogram":3.728020103912061,"macd_crossover":null,"bb_upper":321.3697691307031,"bb_lower":272.99922806167973,"bb_width":16.27626652719472,"bb_pct_b":0.8966359709232719,"atr":8.43470539680457,"atr_pct":2.666088923407622,"rs_vs_bench":2.0465229136324536},"MSFT":{"current":373.07000732421875,"sma_20":378.6749984741211,"sma_50":395.8157147216797,"sma_200":473.17193771362304,"rsi":40.01476033317234,"avg_vol_20":31546203.75,"current_vol":"28422375","vol_ratio":0.9009760802042623,"high_52w":539.8251953125,"low_52w":356.3916320800781,"off_high":-30.890590034751558,"off_low":4.6797886770790225,"trend_signals":["Death Cross","Below 20d","Below 50d"],"macd":-8.716574453993928,"macd_signal":-10.144054128140489,"macd_histogram":1.4274796741465607,"macd_crossover":null,"bb_upper":405.6135876560355,"bb_lower":351.73640929220664,"bb_width":14.227815034245225,"bb_pct_b":0.39596724772681646,"atr":8.687342417712065,"atr_pct":2.328609174460459,"rs_vs_bench":-9.457885988327952},"NVDA":{"current":183.93699645996094,"sma_20":177.1473487854004,"sma_50":182.13031860351563,"sma_200":180.52129356384276,"rsi":56.63753953701448,"avg_vol_20":169090598.0,"current_vol":"109894060","vol_ratio":0.6499123032257536,"high_52w":207.01727294921875,"low_52w":96.88717651367188,"off_high":-11.148961707615285,"off_low":89.84658556336952,"trend_signals":["Golden Cross","Above 20d","Above 50d"],"macd":-0.7789746259438743,"macd_signal":-2.1097787563601824,"macd_histogram":1.330804130416308,"macd_crossover":null,"bb_upper":187.38901855856633,"bb_lower":166.90567901223446,"bb_width":11.56288236136448,"bb_pct_b":0.8314717143267989,"atr":5.332642666639933,"atr_pct":2.8991680680187324,"rs_vs_bench":-1.8585200641933586},"AMZN":{"current":233.64999389648438,"sma_20":210.75649948120116,"sma_50":213.4952001953125,"sma_200":224.72940002441408,"rsi":68.98284720837088,"avg_vol_20":43717850.0,"current_vol":"63525900","vol_ratio":1.4530883838066144,"high_52w":254.0,"low_52w":167.32000732421875,"off_high":-8.011813426580956,"off_low":39.64259124357849,"trend_signals":["Death Cross","Above 20d","Above 50d"],"macd":1.8777703555472556,"macd_signal":-0.8257751383931193,"macd_histogram":2.703545493940375,"macd_crossover":null,"bb_upper":225.05163361348087,"bb_lower":196.46136534892145,"bb_width":13.565545231078197,"bb_pct_b":1.3007443023422782,"atr":6.681661104614949,"atr_pct":2.859688114340449,"rs_vs_bench":9.217771144368658},"AAPL":{"current":260.489990234375,"sma_20":253.0489990234375,"sma_50":260.7565093994141,"sma_200":250.00117332458495,"rsi":55.66309292260831,"avg_vol_20":41205898.7,"current_vol":"26229474","vol_ratio":0.6365465825891573,"high_52w":285.9224548339844,"low_52w":189.5936737060547,"off_high":-8.894881870812235,"off_low":37.393819710586804,"trend_signals":["Golden Cross","Above 20d","Below 50d"],"macd":-0.5965090028356883,"macd_signal":-1.9971826466818308,"macd_histogram":1.4006736438461425,"macd_crossover":null,"bb_upper":260.6199150885151,"bb_lower":245.47808295835992,"bb_width":5.983754999462663,"bb_pct_b":0.9914194759905349,"atr":6.108597557355274,"atr_pct":2.345041186365389,"rs_vs_bench":-0.4443162398983791}}