{"AMZN":{"current":212.4600067138672,"sma_20":209.2949996948242,"sma_50":214.03300018310546,"sma_200":224.53915008544922,"rsi":52.36590417444816,"avg_vol_20":40864711.15,"current_vol":"15917023","vol_ratio":0.3895053348492835,"high_52w":254.0,"low_52w":167.32000732421875,"off_high":-16.35432806540662,"off_low":26.978243732789174,"trend_signals":["Death Cross","Above 20d","Below 50d"],"macd":-0.9979182205308632,"macd_signal":-1.9245879838987265,"macd_histogram":0.9266697633678633,"macd_crossover":null,"bb_upper":217.29364797604967,"bb_lower":201.29635141359876,"bb_width":7.643420332916113,"bb_pct_b":0.6978463677714098,"atr":5.702466684307389,"atr_pct":2.684018876073579,"rs_vs_bench":2.873557727594256},"NVDA":{"current":175.6728973388672,"sma_20":177.26464385986327,"sma_50":182.26083068847657,"sma_200":180.11893363952638,"rsi":47.11991265043181,"avg_vol_20":170020104.6,"current_vol":"84693992","vol_ratio":0.4981410416094992,"high_52w":207.01727294921875,"low_52w":96.27731323242188,"off_high":-15.140947015585663,"off_low":82.46551699544982,"trend_signals":["Golden Cross","Below 20d","Below 50d"],"macd":-2.29131130967491,"macd_signal":-2.7291691148117856,"macd_histogram":0.43785780513687556,"macd_crossover":null,"bb_upper":188.17722504605902,"bb_lower":166.35206267366752,"bb_width":12.312191476629375,"bb_pct_b":0.4270682850447144,"atr":5.305073506593022,"atr_pct":3.019858832498055,"rs_vs_bench":-1.1722911487364374},"GOOG":{"current":300.9599914550781,"sma_20":296.2479995727539,"sma_50":308.8336248779297,"sma_200":266.4032749938965,"rsi":52.58745357432117,"avg_vol_20":19648587.3,"current_vol":"10221146","vol_ratio":0.5201975004075738,"high_52w":344.6571960449219,"low_52w":146.07501220703125,"off_high":-12.678454154239782,"off_low":106.03112531562162,"trend_signals":["Golden Cross","Above 20d","Below 50d"],"macd":-4.258313851504283,"macd_signal":-5.826607077701465,"macd_histogram":1.5682932261971816,"macd_crossover":null,"bb_upper":318.1306995838471,"bb_lower":274.36529956166066,"bb_width":14.773230565372423,"bb_pct_b":0.6076647735410974,"atr":7.804808072238318,"atr_pct":2.59330419119954,"rs_vs_bench":1.8009724424370654},"MSFT":{"current":370.3450012207031,"sma_20":381.7397491455078,"sma_50":399.8027075195312,"sma_200":474.21439239501956,"rsi":37.59628034693153,"avg_vol_20":30873586.85,"current_vol":"12311037","vol_ratio":0.3987562915774394,"high_52w":539.8252563476562,"low_52w":351.86627197265625,"off_high":-31.39539195954275,"off_low":5.25163413488033,"trend_signals":["Death Cross","Below 20d","Below 50d"],"macd":-10.25125994156889,"macd_signal":-10.825728763644834,"macd_histogram":0.5744688220759446,"macd_crossover":null,"bb_upper":413.0540741217044,"bb_lower":350.4254241693112,"bb_width":16.40611177970911,"bb_pct_b":0.3180585413629971,"atr":8.42608500812218,"atr_pct":2.275198795811678,"rs_vs_bench":-4.982025952791869},"AAPL":{"current":251.22000122070312,"sma_20":253.04749908447266,"sma_50":260.58710510253906,"sma_200":249.39921745300293,"rsi":44.29348880493414,"avg_vol_20":39647629.8,"current_vol":"41467196","vol_ratio":1.0458934420337027,"high_52w":285.9224548339844,"low_52w":171.67178344726562,"off_high":-12.137015832992407,"off_low":46.33738648021515,"trend_signals":["Golden Cross","Below 20d","Below 50d"],"macd":-1.8463922984188912,"macd_signal":-2.6845377242976767,"macd_histogram":0.8381454258787855,"macd_crossover":null,"bb_upper":261.08137889940184,"bb_lower":245.01361926954345,"bb_width":6.34970101976571,"bb_pct_b":0.38626305683752443,"atr":6.185416021793596,"atr_pct":2.462151099330484,"rs_vs_bench":0.06165508839008904}}