{"GOOG":{"current":303.92999267578125,"sma_20":296.39649963378906,"sma_50":308.89302490234377,"sma_200":266.4181243896484,"rsi":54.80522849465206,"avg_vol_20":19982630.0,"current_vol":"16885700","vol_ratio":0.8450188989137065,"high_52w":344.6571960449219,"low_52w":146.07501220703125,"off_high":-11.816727994221925,"off_low":108.06432810357947,"trend_signals":["Golden Cross","Above 20d","Below 50d"],"macd":-4.021390663169484,"macd_signal":-5.779222422209704,"macd_histogram":1.7578317590402204,"macd_crossover":null,"bb_upper":318.45345349183685,"bb_lower":274.33954577574127,"bb_width":14.883410489192775,"bb_pct_b":0.670773650125842,"atr":7.9344510761775435,"atr_pct":2.6106179934145746,"rs_vs_bench":2.0562639326622945},"MSFT":{"current":372.2900085449219,"sma_20":381.8369995117188,"sma_50":399.84160766601565,"sma_200":474.22411819458006,"rsi":38.804002527232576,"avg_vol_20":31298650.0,"current_vol":"20760900","vol_ratio":0.6633161494185852,"high_52w":539.8252563476562,"low_52w":351.8662109375,"off_high":-31.03508882415812,"off_low":5.804421388744723,"trend_signals":["Death Cross","Below 20d","Below 50d"],"macd":-10.096102647752275,"macd_signal":-10.794697286595463,"macd_histogram":0.6985946388431881,"macd_crossover":null,"bb_upper":413.0141036980687,"bb_lower":350.65989532536884,"bb_width":16.330059279859334,"bb_pct_b":0.3468909923491741,"atr":8.42679996628661,"atr_pct":2.2635041964253526,"rs_vs_bench":-5.2150330386703585},"AMZN":{"current":213.77000427246094,"sma_20":209.3604995727539,"sma_50":214.05920013427735,"sma_200":224.5457000732422,"rsi":53.764621966683094,"avg_vol_20":41424530.0,"current_vol":"27028700","vol_ratio":0.6524805471540654,"high_52w":254.0,"low_52w":167.32000732421875,"off_high":-15.83858099509412,"off_low":27.761173150223005,"trend_signals":["Death Cross","Above 20d","Below 50d"],"macd":-0.8934169705170518,"macd_signal":-1.9036877081432064,"macd_histogram":1.0102707376261546,"macd_crossover":null,"bb_upper":217.48868147487264,"bb_lower":201.23231767063515,"bb_width":7.764771213964508,"bb_pct_b":0.7712479096067987,"atr":5.761038593777431,"atr_pct":2.6949705190793227,"rs_vs_bench":2.7724073236216618},"NVDA":{"current":178.10000610351562,"sma_20":177.3859992980957,"sma_50":182.30937286376954,"sma_200":180.13106964111327,"rsi":49.93044057115594,"avg_vol_20":172147650.0,"current_vol":"126903800","vol_ratio":0.7371799731219102,"high_52w":207.01727294921875,"low_52w":96.27731323242188,"off_high":-13.968528535682392,"off_low":84.98647305784966,"trend_signals":["Golden Cross","Above 20d","Below 50d"],"macd":-2.097695790072663,"macd_signal":-2.6904460037589306,"macd_histogram":0.5927502136862675,"macd_crossover":null,"bb_upper":188.2780114744171,"bb_lower":166.4939871217743,"bb_width":12.28057706856274,"bb_pct_b":0.5327766253774548,"atr":5.347216068785416,"atr_pct":3.0023671451630927,"rs_vs_bench":-0.5709926105255003},"AAPL":{"current":253.5,"sma_20":253.1614990234375,"sma_50":260.632705078125,"sma_200":249.4106179046631,"rsi":46.89959457340396,"avg_vol_20":40644735.0,"current_vol":"61377300","vol_ratio":1.5100922665629386,"high_52w":285.9224548339844,"low_52w":171.67178344726562,"off_high":-11.33959725297192,"off_low":47.665501522485485,"trend_signals":["Golden Cross","Above 20d","Below 50d"],"macd":-1.6645120146940826,"macd_signal":-2.648161617716986,"macd_histogram":0.9836496030229034,"macd_crossover":null,"bb_upper":261.15077350599023,"bb_lower":245.17222454088477,"bb_width":6.311603078170341,"bb_pct_b":0.5211847131614848,"atr":6.185416035777585,"atr_pct":2.4400063257505265,"rs_vs_bench":0.22343096527817075}}