{"GOOG":{"current":317.3550109863281,"sma_20":298.60475006103513,"sma_50":307.3250408935547,"sma_200":269.3817613220215,"rsi":63.13229004300195,"avg_vol_20":19544452.35,"current_vol":"3563147","vol_ratio":0.18230989214696516,"high_52w":344.6571960449219,"low_52w":149.3437042236328,"off_high":-7.921547953124774,"off_low":112.49975861795214,"trend_signals":["Golden Cross","Above 20d","Above 50d"],"macd":2.0172242499735376,"macd_signal":-2.0794112024534313,"macd_histogram":4.096635452426969,"macd_crossover":null,"bb_upper":325.49200184836684,"bb_lower":271.7174982737034,"bb_width":18.00858946941462,"bb_pct_b":0.8486831059120633,"atr":7.920156719394154,"atr_pct":2.4956772211595424,"rs_vs_bench":2.1250303854384756},"NVDA":{"current":188.65310668945312,"sma_20":177.84065475463868,"sma_50":181.99525665283204,"sma_200":180.89677543640136,"rsi":61.3739209581031,"avg_vol_20":164501527.05,"current_vol":"58335741","vol_ratio":0.35462127340780814,"high_52w":207.01727294921875,"low_52w":96.88717651367188,"off_high":-8.870837683322371,"off_low":94.71421655355189,"trend_signals":["Golden Cross","Above 20d","Above 50d"],"macd":0.8421254813741257,"macd_signal":-1.1614969746479908,"macd_histogram":2.0036224560221165,"macd_crossover":null,"bb_upper":190.0403296515014,"bb_lower":165.64097985777596,"bb_width":13.71978180545302,"bb_pct_b":0.9431450848577526,"atr":5.281263671409391,"atr_pct":2.799457567429843,"rs_vs_bench":0.8413127579963264},"AAPL":{"current":257.44500732421875,"sma_20":253.65125045776367,"sma_50":260.8302331542969,"sma_200":250.58759422302245,"rsi":51.150206539179415,"avg_vol_20":39489818.05,"current_vol":"10250761","vol_ratio":0.2595798488365028,"high_52w":285.9224548339844,"low_52w":192.32177734375,"off_high":-9.959849962221586,"off_low":33.86159949222469,"trend_signals":["Golden Cross","Above 20d","Below 50d"],"macd":-0.060907360353553486,"macd_signal":-1.3162146585137848,"macd_histogram":1.2553072981602313,"macd_crossover":null,"bb_upper":261.9054524419831,"bb_lower":245.39704847354426,"bb_width":6.508307740902576,"bb_pct_b":0.7298076103364132,"atr":5.7502207332769,"atr_pct":2.233572440593202,"rs_vs_bench":-0.2946677061468117},"AMZN":{"current":238.7899932861328,"sma_20":213.75499954223633,"sma_50":213.34380035400392,"sma_200":224.99144996643065,"rsi":71.66753469172896,"avg_vol_20":43520508.85,"current_vol":"16784277","vol_ratio":0.38566362029105733,"high_52w":254.0,"low_52w":167.32000732421875,"off_high":-5.988191619632751,"off_low":42.71454866926074,"trend_signals":["Death Cross","Above 20d","Above 50d"],"macd":4.979079642496316,"macd_signal":1.0467575542091887,"macd_histogram":3.9323220882871275,"macd_crossover":null,"bb_upper":235.89688917431292,"bb_lower":191.61310991015975,"bb_width":20.71707298495399,"bb_pct_b":1.0653310119392136,"atr":6.465922493854769,"atr_pct":2.707786203631617,"rs_vs_bench":10.651063024500452},"MSFT":{"current":380.8924865722656,"sma_20":376.3926239013672,"sma_50":392.5900439453125,"sma_200":472.04722061157224,"rsi":48.701266665242734,"avg_vol_20":31018685.4,"current_vol":"13510608","vol_ratio":0.43556352649297,"high_52w":539.8252563476562,"low_52w":356.3916015625,"off_high":-29.44152166030471,"off_low":6.874708860239215,"trend_signals":["Death Cross","Above 20d","Below 50d"],"macd":-7.10681674869511,"macd_signal":-9.244022435561622,"macd_histogram":2.137205686866512,"macd_crossover":null,"bb_upper":399.7270701572384,"bb_lower":353.05817764549596,"bb_width":12.398992314996038,"bb_pct_b":0.5964210296990917,"atr":8.595560819296338,"atr_pct":2.2566895179922453,"rs_vs_bench":-6.889009303982241}}