{"AMZN":{"current":222.26499938964844,"sma_20":209.7572494506836,"sma_50":213.7361001586914,"sma_200":224.6085750579834,"rsi":61.472381386254185,"avg_vol_20":40820646.95,"current_vol":"23601139","vol_ratio":0.5781667063951322,"high_52w":254.0,"low_52w":167.32000732421875,"off_high":-12.494094728484868,"off_low":32.838267786447,"trend_signals":["Death Cross","Above 20d","Above 50d"],"macd":0.1874122019796971,"macd_signal":-1.4854677261186258,"macd_histogram":1.6728799280983229,"macd_crossover":null,"bb_upper":219.5175538401066,"bb_lower":199.9969450612606,"bb_width":9.306285637310248,"bb_pct_b":1.1407458947960265,"atr":6.2231069604746905,"atr_pct":2.799859167014003,"rs_vs_bench":4.583263614941469},"GOOG":{"current":316.31500244140625,"sma_20":296.8657501220703,"sma_50":308.5522216796875,"sma_200":267.1629347991943,"rsi":62.650879298419134,"avg_vol_20":19812239.55,"current_vol":"10978591","vol_ratio":0.5541317513496348,"high_52w":344.6571960449219,"low_52w":146.07501220703125,"off_high":-8.223299536105309,"off_low":116.54285538795293,"trend_signals":["Golden Cross","Above 20d","Above 50d"],"macd":-1.9378944508545715,"macd_signal":-5.010956830702709,"macd_histogram":3.073062379848137,"macd_crossover":null,"bb_upper":320.22701866244336,"bb_lower":273.5044815816973,"bb_width":15.738608128938383,"bb_pct_b":0.9162713228890729,"atr":8.471276871563573,"atr_pct":2.67811416030853,"rs_vs_bench":2.621564026416967},"MSFT":{"current":378.1099853515625,"sma_20":380.4544982910156,"sma_50":398.0196264648437,"sma_200":473.74145431518554,"rsi":44.544523328120206,"avg_vol_20":30465322.15,"current_vol":"15039843","vol_ratio":0.4936708998496509,"high_52w":539.8252563476562,"low_52w":351.8662414550781,"off_high":-29.956966461744518,"off_low":7.458443239100801,"trend_signals":["Death Cross","Below 20d","Below 50d"],"macd":-9.024291868605474,"macd_signal":-10.44061620299774,"macd_histogram":1.4163243343922662,"macd_crossover":null,"bb_upper":409.547489645621,"bb_lower":351.36150693641025,"bb_width":15.293808581730417,"bb_pct_b":0.4597065679689553,"atr":8.732742215486134,"atr_pct":2.309577253657167,"rs_vs_bench":-6.550093673117164},"AAPL":{"current":257.7850036621094,"sma_20":253.00924987792968,"sma_50":260.68498046875,"sma_200":249.69759132385255,"rsi":52.55011631962191,"avg_vol_20":40038558.45,"current_vol":"18467269","vol_ratio":0.46123711029861014,"high_52w":285.9224548339844,"low_52w":171.6717987060547,"off_high":-9.840937882340334,"off_low":50.1615324154098,"trend_signals":["Golden Cross","Above 20d","Below 50d"],"macd":-1.233053348424761,"macd_signal":-2.3651399638426045,"macd_histogram":1.1320866154178435,"macd_crossover":null,"bb_upper":260.4826117636991,"bb_lower":245.53588799216024,"bb_width":5.907579971384542,"bb_pct_b":0.8195184347538139,"atr":6.190022636601162,"atr_pct":2.401234574806651,"rs_vs_bench":-1.0980991592564826},"NVDA":{"current":181.4875946044922,"sma_20":177.22237854003907,"sma_50":182.20992645263672,"sma_200":180.31937675476075,"rsi":53.96426724539466,"avg_vol_20":167459767.0,"current_vol":"85360840","vol_ratio":0.5097393931044941,"high_52w":207.01727294921875,"low_52w":96.27731323242188,"off_high":-12.33214889802407,"off_low":88.5050470471327,"trend_signals":["Golden Cross","Above 20d","Below 50d"],"macd":-1.4978721388835083,"macd_signal":-2.4519312307660717,"macd_histogram":0.9540590918825633,"macd_crossover":null,"bb_upper":187.73985554954828,"bb_lower":166.70490153052987,"bb_width":11.869242582288262,"bb_pct_b":0.702768024146703,"atr":5.4766998069651915,"atr_pct":3.017671714091709,"rs_vs_bench":-2.3800122893704034}}