{"AMZN":{"current":248.56500244140625,"sma_20":217.34225006103514,"sma_50":213.67230041503908,"sma_200":225.28277503967286,"rsi":75.72964205015994,"avg_vol_20":45064576.7,"current_vol":"20108234","vol_ratio":0.44620931721744095,"high_52w":254.0,"low_52w":167.32000732421875,"off_high":-2.139762818343996,"off_low":48.5566528572747,"trend_signals":["Death Cross","Above 20d","Above 50d"],"macd":8.167797309805024,"macd_signal":3.41388412480791,"macd_histogram":4.753913184997114,"macd_crossover":null,"bb_upper":248.38340842517852,"bb_lower":186.30109169689177,"bb_width":28.564311223819793,"bb_pct_b":1.0029250521855122,"atr":6.66367024437839,"atr_pct":2.6808561860792146,"rs_vs_bench":11.861990207879325},"GOOG":{"current":332.17999267578125,"sma_20":301.1439971923828,"sma_50":306.9583624267578,"sma_200":270.94529960632326,"rsi":70.9275808208633,"avg_vol_20":19725592.15,"current_vol":"5687143","vol_ratio":0.28831291637549145,"high_52w":344.6571960449219,"low_52w":149.3437042236328,"off_high":-3.6201778208380637,"off_low":122.42651232111037,"trend_signals":["Golden Cross","Above 20d","Above 50d"],"macd":5.590429704086091,"macd_signal":0.45260125693607567,"macd_histogram":5.1378284471500155,"macd_crossover":null,"bb_upper":334.78945675200873,"bb_lower":267.4985376327569,"bb_width":22.34509727791908,"bb_pct_b":0.9612211556866531,"atr":7.93745724308624,"atr_pct":2.3895049124266383,"rs_vs_bench":1.8736167670159176},"NVDA":{"current":198.5800018310547,"sma_20":179.37049942016603,"sma_50":182.37580200195313,"sma_200":181.311919631958,"rsi":69.57256169427508,"avg_vol_20":161086624.6,"current_vol":"95143692","vol_ratio":0.5906368218730433,"high_52w":207.01727294921875,"low_52w":96.88717651367188,"off_high":-4.075636297379746,"off_low":104.96004628954464,"trend_signals":["Golden Cross","Above 20d","Above 50d"],"macd":3.1122935109711136,"macd_signal":0.21518417173388205,"macd_histogram":2.8971093392372316,"macd_crossover":null,"bb_upper":196.58606915072193,"bb_lower":162.15492968961013,"bb_width":19.19554194943654,"bb_pct_b":1.0579107375341095,"atr":5.327624188533066,"atr_pct":2.6828603783907874,"rs_vs_bench":3.5019921186240754},"MSFT":{"current":408.5899963378906,"sma_20":376.6834976196289,"sma_50":391.6592736816406,"sma_200":471.1348439025879,"rsi":66.15653742087252,"avg_vol_20":32335996.3,"current_vol":"20664926","vol_ratio":0.6390687891067083,"high_52w":539.8251953125,"low_52w":356.3916015625,"off_high":-24.31068429450361,"off_low":14.646359382920714,"trend_signals":["Death Cross","Above 20d","Above 50d"],"macd":-2.0801570942724084,"macd_signal":-7.079118840592368,"macd_histogram":4.99896174631996,"macd_crossover":null,"bb_upper":401.2189542518562,"bb_lower":352.1480409874016,"bb_width":13.027093985945168,"bb_pct_b":1.150212042036189,"atr":9.473137582013967,"atr_pct":2.3184947421424362,"rs_vs_bench":-2.287609716694239},"AAPL":{"current":264.6099853515625,"sma_20":254.55849914550782,"sma_50":260.75423217773437,"sma_200":251.2092684173584,"rsi":60.40164820442519,"avg_vol_20":41056854.0,"current_vol":"21545980","vol_ratio":0.5247839983063486,"high_52w":285.9224548339844,"low_52w":192.32179260253906,"off_high":-7.453933443176601,"off_low":37.587104285377315,"trend_signals":["Golden Cross","Above 20d","Above 50d"],"macd":0.8193714915001351,"macd_signal":-0.6226383341810109,"macd_histogram":1.442009825681146,"macd_crossover":null,"bb_upper":264.4998822804999,"bb_lower":244.61711601051576,"bb_width":7.810686477460322,"bb_pct_b":1.0055376133062945,"atr":5.821056435119021,"atr_pct":2.1998627252804273,"rs_vs_bench":-0.7062161789951338}}