{"NVDA":{"current":194.77499389648438,"sma_20":178.45124893188478,"sma_50":182.08150115966797,"sma_200":181.09896369934083,"rsi":66.78898014594989,"avg_vol_20":162232221.0,"current_vol":"96654920","vol_ratio":0.5957812782455836,"high_52w":207.01727294921875,"low_52w":96.88717651367188,"off_high":-5.913651010047554,"off_low":101.03278979236165,"trend_signals":["Golden Cross","Above 20d","Above 50d"],"macd":1.9201962822856729,"macd_signal":-0.5367740751309338,"macd_histogram":2.4569703574166066,"macd_crossover":null,"bb_upper":192.7559555356484,"bb_lower":164.14654232812114,"bb_width":16.032061069209742,"bb_pct_b":1.070572519128241,"atr":5.310409317518405,"atr_pct":2.7264327988328363,"rs_vs_bench":2.9246973816964728},"AMZN":{"current":251.1649932861328,"sma_20":215.78124923706054,"sma_50":213.6031002807617,"sma_200":225.16717498779298,"rsi":77.12693439483138,"avg_vol_20":44777167.95,"current_vol":"41981159","vol_ratio":0.9375572623725972,"high_52w":254.0,"low_52w":167.32000732421875,"off_high":-1.1161443755382627,"off_low":50.11055599552194,"trend_signals":["Death Cross","Above 20d","Above 50d"],"macd":7.040909258986119,"macd_signal":2.2596278591068795,"macd_histogram":4.781281399879239,"macd_crossover":null,"bb_upper":243.68473531592252,"bb_lower":187.87776315819855,"bb_width":25.86275329994665,"bb_pct_b":1.134038054404193,"atr":6.856315517302723,"atr_pct":2.7298053871272794,"rs_vs_bench":12.576647707378894},"GOOG":{"current":330.15509033203125,"sma_20":299.9842529296875,"sma_50":307.19940856933596,"sma_200":270.17162185668946,"rsi":70.00818828985479,"avg_vol_20":19750339.9,"current_vol":"10301998","vol_ratio":0.5216111749043874,"high_52w":344.6571960449219,"low_52w":149.3437042236328,"off_high":-4.207689808687602,"off_low":121.07064509237347,"trend_signals":["Golden Cross","Above 20d","Above 50d"],"macd":4.0060900704302185,"macd_signal":-0.838634841872186,"macd_histogram":4.8447249123024045,"macd_crossover":null,"bb_upper":330.52478776886437,"bb_lower":269.44371809051063,"bb_width":20.361425335439314,"bb_pct_b":0.9939474302139778,"atr":8.24899331814899,"atr_pct":2.4985207133572045,"rs_vs_bench":2.569012543692195},"MSFT":{"current":394.19500732421875,"sma_20":376.2787490844727,"sma_50":391.95729187011716,"sma_200":471.5626972961426,"rsi":58.46548523706475,"avg_vol_20":31785265.95,"current_vol":"20939519","vol_ratio":0.6587806763340924,"high_52w":539.8251953125,"low_52w":356.3916015625,"off_high":-26.977286212803985,"off_low":10.607266163394485,"trend_signals":["Death Cross","Above 20d","Above 50d"],"macd":-4.803578711948489,"macd_signal":-8.311548398676253,"macd_histogram":3.5079696867277637,"macd_crossover":null,"bb_upper":398.7167922703543,"bb_lower":353.84070589859107,"bb_width":11.926287753680388,"bb_pct_b":0.8992384293791554,"atr":8.940629814491878,"atr_pct":2.2680728188772723,"rs_vs_bench":-5.441386365751278},"AAPL":{"current":258.08990478515625,"sma_20":254.00249557495118,"sma_50":260.8423828125,"sma_200":250.884867477417,"rsi":51.923910662598836,"avg_vol_20":40221082.75,"current_vol":"21721655","vol_ratio":0.5400564458946595,"high_52w":285.9224548339844,"low_52w":192.32177734375,"off_high":-9.734300184638728,"off_low":34.19692161218661,"trend_signals":["Golden Cross","Above 20d","Below 50d"],"macd":0.17811649355184045,"macd_signal":-0.994948366135905,"macd_histogram":1.1730648596877455,"macd_crossover":null,"bb_upper":262.6665857675961,"bb_lower":245.3384053823063,"bb_width":6.822051234601581,"bb_pct_b":0.7358821941670773,"atr":5.678054872214039,"atr_pct":2.200029821755588,"rs_vs_bench":-2.61743697731327}}