{"GOOG":{"current":339.3999938964844,"sma_20":304.2654968261719,"sma_50":306.97625244140625,"sma_200":272.5500804901123,"rsi":73.01236567147625,"avg_vol_20":20408946.05,"current_vol":"19502921","vol_ratio":0.9556064753280094,"high_52w":344.6571960449219,"low_52w":149.34371948242188,"off_high":-1.5253423427005097,"off_low":127.26097560228007,"trend_signals":["Golden Cross","Above 20d","Above 50d"],"macd":8.285540314921889,"macd_signal":3.078886166835,"macd_histogram":5.206654148086889,"macd_crossover":null,"bb_upper":344.647107331152,"bb_lower":263.8838863211918,"bb_width":26.54366724206672,"bb_pct_b":0.9350309043020895,"atr":7.896493499190959,"atr_pct":2.326603901354034,"rs_vs_bench":1.9761564137778418},"AMZN":{"current":250.55999755859375,"sma_20":221.42050018310547,"sma_50":214.24400024414064,"sma_200":225.5844999694824,"rsi":76.57275501836331,"avg_vol_20":47192599.95,"current_vol":"51829799","vol_ratio":1.0982611480383164,"high_52w":254.0,"low_52w":167.32000732421875,"off_high":-1.3543316698449803,"off_low":49.74897596859382,"trend_signals":["Death Cross","Above 20d","Above 50d"],"macd":9.93790595341926,"macd_signal":5.640316095135438,"macd_histogram":4.297589858283823,"macd_crossover":null,"bb_upper":257.72660999737246,"bb_lower":185.1143903688385,"bb_width":32.793810676286384,"bb_pct_b":0.9013029421846444,"atr":6.593266582364195,"atr_pct":2.6314122951020353,"rs_vs_bench":10.388865322093045},"NVDA":{"current":201.67999267578125,"sma_20":181.4384994506836,"sma_50":183.2919857788086,"sma_200":181.75732810974122,"rsi":71.36924415893434,"avg_vol_20":163628353.25,"current_vol":"153662565","vol_ratio":0.9390949792498752,"high_52w":207.01727294921875,"low_52w":96.88717651367188,"off_high":-2.578181133101262,"off_low":108.15963467293518,"trend_signals":["Golden Cross","Above 20d","Above 50d"],"macd":4.723555157288473,"macd_signal":1.7096911711530782,"macd_histogram":3.013863986135395,"macd_crossover":null,"bb_upper":202.90914773159506,"bb_lower":159.96785116977213,"bb_width":23.667136077420384,"bb_pct_b":0.9713759212173722,"atr":5.132987152105368,"atr_pct":2.545114705729441,"rs_vs_bench":5.165218165308927},"MSFT":{"current":422.7900085449219,"sma_20":379.9269989013672,"sma_50":392.10246704101564,"sma_200":470.44451782226565,"rsi":71.69699827775943,"avg_vol_20":35481861.05,"current_vol":"47754221","vol_ratio":1.3458770083312754,"high_52w":539.8251953125,"low_52w":356.3916320800781,"off_high":-21.680200884256152,"off_low":18.63073385795001,"trend_signals":["Death Cross","Above 20d","Above 50d"],"macd":3.861073938714526,"macd_signal":-3.5334832651731296,"macd_histogram":7.394557203887656,"macd_crossover":null,"bb_upper":416.82832530805246,"bb_lower":343.02567249468194,"bb_width":19.425482533956586,"bb_pct_b":1.0807787120057204,"atr":9.916485860160677,"atr_pct":2.3454872773103954,"rs_vs_bench":-0.8996317153169056},"AAPL":{"current":270.2300109863281,"sma_20":256.3859992980957,"sma_50":260.5540405273438,"sma_200":251.8278328704834,"rsi":64.17514969310085,"avg_vol_20":43878644.45,"current_vol":"55211089","vol_ratio":1.2582678816095467,"high_52w":285.9224548339844,"low_52w":192.32179260253906,"off_high":-5.488356574431267,"off_low":40.50930335533931,"trend_signals":["Golden Cross","Above 20d","Above 50d"],"macd":2.0605155982934775,"macd_signal":0.23727975475032337,"macd_histogram":1.8232358435431542,"macd_crossover":null,"bb_upper":268.64330431274084,"bb_lower":244.1286942834506,"bb_width":9.56160246519058,"bb_pct_b":1.0647249404208952,"atr":6.111454891585478,"atr_pct":2.261575192658626,"rs_vs_bench":-2.647218384777771}}