{"NVDA":{"current":200.0050048828125,"sma_20":181.35475006103516,"sma_50":183.25848602294923,"sma_200":181.74895332336425,"rsi":70.17799107270595,"avg_vol_20":161028347.15,"current_vol":"101875343","vol_ratio":0.6326547145460159,"high_52w":207.01727294921875,"low_52w":96.88717651367188,"off_high":-3.3872864647996574,"off_low":106.4308323141087,"trend_signals":["Golden Cross","Above 20d","Above 50d"],"macd":4.58993787712069,"macd_signal":1.682967689288768,"macd_histogram":2.906970187831922,"macd_crossover":null,"bb_upper":202.50361241882572,"bb_lower":160.2058877032446,"bb_width":23.323196498214564,"bb_pct_b":0.9409280864913091,"atr":5.131558277237281,"atr_pct":2.5657149331057885,"rs_vs_bench":4.329505555965209},"GOOG":{"current":337.0249938964844,"sma_20":304.14674682617186,"sma_50":306.92875244140623,"sma_200":272.5382056427002,"rsi":72.00946225991524,"avg_vol_20":19898517.05,"current_vol":"9317441","vol_ratio":0.468248009466615,"high_52w":344.6571960449219,"low_52w":149.3437042236328,"off_high":-2.214432844002693,"off_low":125.67070747877702,"trend_signals":["Golden Cross","Above 20d","Above 50d"],"macd":8.096081608832264,"macd_signal":3.040994404487553,"macd_histogram":5.055087204344711,"macd_crossover":null,"bb_upper":344.1050763070899,"bb_lower":264.1884173452538,"bb_width":26.275690861658518,"bb_pct_b":0.911406676623123,"atr":7.735423934941403,"atr_pct":2.2952077961663884,"rs_vs_bench":1.3154541055551583},"AMZN":{"current":253.74000549316406,"sma_20":221.579500579834,"sma_50":214.30760040283204,"sma_200":225.60040000915527,"rsi":77.92780586613208,"avg_vol_20":46041000.15,"current_vol":"28868603","vol_ratio":0.6270194588724632,"high_52w":254.0,"low_52w":167.32000732421875,"off_high":-0.10236004206139271,"off_low":51.64953047216155,"trend_signals":["Death Cross","Above 20d","Above 50d"],"macd":10.191581776742993,"macd_signal":5.691051230184529,"macd_histogram":4.500530546558464,"macd_crossover":null,"bb_upper":258.44645666001156,"bb_lower":184.71254449965642,"bb_width":33.2765043550539,"bb_pct_b":0.9361697890570082,"atr":6.593266583546854,"atr_pct":2.5984340036299405,"rs_vs_bench":12.071464338809747},"AAPL":{"current":270.5150146484375,"sma_20":256.4002494812012,"sma_50":260.55974060058594,"sma_200":251.82925827026367,"rsi":64.41046546566159,"avg_vol_20":42775627.55,"current_vol":"33210351","vol_ratio":0.7763848925695072,"high_52w":285.9224548339844,"low_52w":192.32179260253906,"off_high":-5.38867791775673,"off_low":40.65749439404202,"trend_signals":["Golden Cross","Above 20d","Above 50d"],"macd":2.083250916398981,"macd_signal":0.24182679707169924,"macd_histogram":1.841424119327282,"macd_crossover":null,"bb_upper":268.72579508327186,"bb_lower":244.07470387913048,"bb_width":9.61430078715612,"bb_pct_b":1.0725817591744193,"atr":6.111454897534879,"atr_pct":2.2591924908409804,"rs_vs_bench":-2.3981225996572597},"MSFT":{"current":424.7099914550781,"sma_20":380.022998046875,"sma_50":392.14086669921875,"sma_200":470.45411727905275,"rsi":72.35566227760216,"avg_vol_20":34500056.4,"current_vol":"28233628","vol_ratio":0.8183646911371426,"high_52w":539.8252563476562,"low_52w":356.3916015625,"off_high":-21.324542254918512,"off_low":19.169472454753457,"trend_signals":["Death Cross","Above 20d","Above 50d"],"macd":4.014234932049703,"macd_signal":-3.5028511129279827,"macd_histogram":7.517086044977686,"macd_crossover":null,"bb_upper":417.40074822518847,"bb_lower":342.6452478685615,"bb_width":19.67130956306124,"bb_pct_b":1.097775323488176,"atr":9.916485850089503,"atr_pct":2.3348840501997885,"rs_vs_bench":-0.2626769548932586}}