{"MSFT":{"current":374.79998779296875,"sma_20":377.3219985961914,"sma_50":393.70105041503905,"sma_200":472.6095414733887,"rsi":41.967700319428026,"avg_vol_20":30348613.3,"current_vol":"1383266","vol_ratio":0.04557921597030597,"high_52w":539.8252563476562,"low_52w":356.3916015625,"off_high":-30.570127391077186,"off_low":5.165213251311841,"trend_signals":["Death Cross","Below 20d","Below 50d"],"macd":-8.001898890647396,"macd_signal":-9.715623078174579,"macd_histogram":1.7137241875271823,"macd_crossover":null,"bb_upper":401.97912506325605,"bb_lower":352.66487212912676,"bb_width":13.069540900769269,"bb_pct_b":0.4488583796130626,"atr":8.304674143005581,"atr_pct":2.2157615831068007,"rs_vs_bench":-8.55591141232992},"GOOG":{"current":318.30999755859375,"sma_20":297.9394989013672,"sma_50":307.79817260742186,"sma_200":268.66345932006834,"rsi":63.88126328377768,"avg_vol_20":19639409.6,"current_vol":"611392","vol_ratio":0.031130874728535627,"high_52w":344.6571960449219,"low_52w":149.34371948242188,"off_high":-7.644464931727144,"off_low":113.13919236895637,"trend_signals":["Golden Cross","Above 20d","Above 50d"],"macd":1.1050803024626248,"macd_signal":-3.0622481462059365,"macd_histogram":4.167328448668561,"macd_crossover":null,"bb_upper":323.80141709225313,"bb_lower":272.07758071048124,"bb_width":17.360516672848085,"bb_pct_b":0.8938319367278289,"atr":8.056462130259856,"atr_pct":2.5310113386485265,"rs_vs_bench":2.2794157328999365},"AMZN":{"current":236.92999267578125,"sma_20":212.1264991760254,"sma_50":213.3736001586914,"sma_200":224.85019996643067,"rsi":70.74125313993602,"avg_vol_20":41798087.6,"current_vol":"3813852","vol_ratio":0.09124465302091955,"high_52w":254.0,"low_52w":167.32000732421875,"off_high":-6.720475324495571,"off_low":41.60290599119929,"trend_signals":["Death Cross","Above 20d","Above 50d"],"macd":3.5058152468403705,"macd_signal":0.04054293865357861,"macd_histogram":3.4652723081867918,"macd_crossover":null,"bb_upper":230.57515363041495,"bb_lower":193.67784472163584,"bb_width":17.39401208811787,"bb_pct_b":1.1722304209523062,"atr":6.472614231629059,"atr_pct":2.7318678224441966,"rs_vs_bench":10.779607905476496},"AAPL":{"current":259.5050048828125,"sma_20":253.23624954223632,"sma_50":260.8226037597656,"sma_200":250.30023635864256,"rsi":54.22570463253175,"avg_vol_20":39328867.15,"current_vol":"1398343","vol_ratio":0.03555513039993576,"high_52w":285.9224548339844,"low_52w":189.59365844726562,"off_high":-9.23937574840377,"off_low":36.87430634975183,"trend_signals":["Golden Cross","Above 20d","Below 50d"],"macd":-0.23925469405611466,"macd_signal":-1.6455970561505353,"macd_histogram":1.4063423620944207,"macd_crossover":null,"bb_upper":261.2611242625584,"bb_lower":245.21137482191423,"bb_width":6.337856238850699,"bb_pct_b":0.8905827541893762,"atr":5.777982051026634,"atr_pct":2.2265397361549386,"rs_vs_bench":0.44215186636031856},"NVDA":{"current":185.76499938964844,"sma_20":177.27724914550782,"sma_50":182.01488586425782,"sma_200":180.71060653686524,"rsi":58.60550874717016,"avg_vol_20":161971802.65,"current_vol":"7250253","vol_ratio":0.04476243939611423,"high_52w":207.01727294921875,"low_52w":96.88717651367188,"off_high":-10.265942187724349,"off_low":91.73331918020638,"trend_signals":["Golden Cross","Above 20d","Above 50d"],"macd":-0.09972264585465496,"macd_signal":-1.7081120574386264,"macd_histogram":1.6083894115839714,"macd_crossover":null,"bb_upper":187.89882394018673,"bb_lower":166.65567435082892,"bb_width":11.983009490361392,"bb_pct_b":0.8995523454955439,"atr":5.08603167639833,"atr_pct":2.7378847969795457,"rs_vs_bench":-0.2504120046497027}}