{"AMZN":{"current":230.72999572753906,"sma_20":210.6104995727539,"sma_50":213.4368002319336,"sma_200":224.71480003356933,"rsi":67.36133568562127,"avg_vol_20":42265910.8,"current_vol":"34547816","vol_ratio":0.8173919678077777,"high_52w":254.0,"low_52w":167.32000732421875,"off_high":-9.16141900490588,"off_low":37.89743343750262,"trend_signals":["Death Cross","Above 20d","Above 50d"],"macd":1.6448359851468979,"macd_signal":-0.8723620677856324,"macd_histogram":2.5171980529325304,"macd_crossover":null,"bb_upper":223.94876057065744,"bb_lower":197.27223857485035,"bb_width":12.666283043781432,"bb_pct_b":1.254202371581553,"atr":6.6816612127405675,"atr_pct":2.8958788785445595,"rs_vs_bench":8.141023376043721},"NVDA":{"current":183.36500549316406,"sma_20":177.11874923706054,"sma_50":182.11887878417969,"sma_200":180.5184339904785,"rsi":56.03081153580886,"avg_vol_20":166607755.5,"current_vol":"60676810","vol_ratio":0.3641895890014556,"high_52w":207.01727294921875,"low_52w":96.88717651367188,"off_high":-11.425262790441925,"off_low":89.25621748022473,"trend_signals":["Golden Cross","Above 20d","Above 50d"],"macd":-0.824603564767699,"macd_signal":-2.1189045819778305,"macd_histogram":1.2943010172101315,"macd_crossover":null,"bb_upper":187.28349356537257,"bb_lower":166.95400490874852,"bb_width":11.477886301813543,"bb_pct_b":0.8072510264082946,"atr":5.324071641918974,"atr_pct":2.9035374703039825,"rs_vs_bench":-1.8539979432034004},"MSFT":{"current":371.2200012207031,"sma_20":378.58249816894534,"sma_50":395.7787145996094,"sma_200":473.16268814086914,"rsi":38.720829479646156,"avg_vol_20":30845509.75,"current_vol":"14463895","vol_ratio":0.4689141180427404,"high_52w":539.8252563476562,"low_52w":356.3916320800781,"off_high":-31.233302470451402,"off_low":4.160695090981595,"trend_signals":["Death Cross","Below 20d","Below 50d"],"macd":-8.8641533263297,"macd_signal":-10.17356995072426,"macd_histogram":1.3094166243945615,"macd_crossover":null,"bb_upper":405.61466602761226,"bb_lower":351.5503303102784,"bb_width":14.280727708972755,"bb_pct_b":0.3638197094155421,"atr":8.687342636624116,"atr_pct":2.340214053137506,"rs_vs_bench":-9.601400297904428},"AAPL":{"current":258.92498779296875,"sma_20":252.9707489013672,"sma_50":260.72520935058594,"sma_200":249.99334846496583,"rsi":53.85857806218534,"avg_vol_20":40456350.25,"current_vol":"11263105","vol_ratio":0.2784014111604148,"high_52w":285.9224548339844,"low_52w":189.5936737060547,"off_high":-9.442233929017995,"off_low":36.568368939569716,"trend_signals":["Golden Cross","Above 20d","Below 50d"],"macd":-0.7213525394244016,"macd_signal":-2.022151400997697,"macd_histogram":1.3007988615732953,"macd_crossover":null,"bb_upper":260.24435786575975,"bb_lower":245.69713993697462,"bb_width":5.750553371076536,"bb_pct_b":0.9093043027711631,"atr":6.030740830531677,"atr_pct":2.3291459360244278,"rs_vs_bench":-0.7393724353910169},"GOOG":{"current":316.4800109863281,"sma_20":297.18999938964845,"sma_50":308.15503845214846,"sma_200":267.9092749023437,"rsi":62.80668077487149,"avg_vol_20":20030718.55,"current_vol":"7586571","vol_ratio":0.3787468223400303,"high_52w":344.6571960449219,"low_52w":149.3437042236328,"off_high":-8.175423400972948,"off_low":111.91386180727056,"trend_signals":["Golden Cross","Above 20d","Above 50d"],"macd":-0.3672839847701539,"macd_signal":-4.102325056197555,"macd_histogram":3.7350410714274007,"macd_crossover":null,"bb_upper":321.3936861157686,"bb_lower":272.9863126635283,"bb_width":16.288358811419155,"bb_pct_b":0.8984932505315865,"atr":8.391847892480094,"atr_pct":2.651620197536779,"rs_vs_bench":2.3996531903655027}}