{"AMZN":{"current":213.77999877929688,"sma_20":209.3609992980957,"sma_50":214.05940002441406,"sma_200":224.54575004577637,"rsi":53.774724936163004,"avg_vol_20":41194363.05,"current_vol":"22425361","vol_ratio":0.5443793601755909,"high_52w":254.0,"low_52w":167.32000732421875,"off_high":-15.834646149883119,"off_low":27.76714643877097,"trend_signals":["Death Cross","Above 20d","Below 50d"],"macd":-0.892619687920444,"macd_signal":-1.903528251623885,"macd_histogram":1.010908563703441,"macd_crossover":null,"bb_upper":217.49032381792813,"bb_lower":201.23167477826325,"bb_width":7.7658442088897495,"bb_pct_b":0.7717937677614246,"atr":5.761038593777431,"atr_pct":2.694844525527871,"rs_vs_bench":2.7770704630564413},"GOOG":{"current":303.92999267578125,"sma_20":296.39649963378906,"sma_50":308.89302490234377,"sma_200":266.41812461853027,"rsi":54.805228494670274,"avg_vol_20":19936872.9,"current_vol":"15970558","vol_ratio":0.8010563181149638,"high_52w":344.6571960449219,"low_52w":146.0749969482422,"off_high":-11.816727994221925,"off_low":108.064349837687,"trend_signals":["Golden Cross","Above 20d","Below 50d"],"macd":-4.021390663148054,"macd_signal":-5.7792224221781705,"macd_histogram":1.7578317590301165,"macd_crossover":null,"bb_upper":318.45345349184186,"bb_lower":274.33954577573627,"bb_width":14.88341048919615,"bb_pct_b":0.6707736501258033,"atr":7.934093584496049,"atr_pct":2.6105003703796292,"rs_vs_bench":2.0562639326622945},"MSFT":{"current":372.2699890136719,"sma_20":381.83599853515625,"sma_50":399.8412072753906,"sma_200":474.2240171813965,"rsi":38.79117663297927,"avg_vol_20":31079454.45,"current_vol":"16376989","vol_ratio":0.5269393974191847,"high_52w":539.8251953125,"low_52w":351.8662414550781,"off_high":-31.03878954775942,"off_low":5.79872268343158,"trend_signals":["Death Cross","Below 20d","Below 50d"],"macd":-10.097699649815127,"macd_signal":-10.795016690077448,"macd_histogram":0.6973170402623214,"macd_crossover":null,"bb_upper":413.0143945783699,"bb_lower":350.6576024919426,"bb_width":16.330778744185377,"bb_pct_b":0.3465923406029969,"atr":8.426084983128755,"atr_pct":2.263433860315638,"rs_vs_bench":-5.219966874131754},"NVDA":{"current":178.10000610351562,"sma_20":177.3859992980957,"sma_50":182.30937286376954,"sma_200":180.1310691833496,"rsi":49.93044057162869,"avg_vol_20":171843798.75,"current_vol":"120826775","vol_ratio":0.7031197859852943,"high_52w":207.01727294921875,"low_52w":96.27731323242188,"off_high":-13.968528535682392,"off_low":84.98647305784966,"trend_signals":["Golden Cross","Above 20d","Below 50d"],"macd":-2.097695789782989,"macd_signal":-2.6904460033333226,"macd_histogram":0.5927502135503335,"macd_crossover":null,"bb_upper":188.27801147441676,"bb_lower":166.49398712177464,"bb_width":12.280577068562355,"bb_pct_b":0.532776625377456,"atr":5.345430790216308,"atr_pct":3.0013647428565644,"rs_vs_bench":-0.5709926105255003},"AAPL":{"current":253.49000549316406,"sma_20":253.1609992980957,"sma_50":260.6325051879883,"sma_200":249.4105673980713,"rsi":46.887501519798725,"avg_vol_20":40129390.75,"current_vol":"51070415","vol_ratio":1.2726436670359866,"high_52w":285.9224548339844,"low_52w":171.6717987060547,"off_high":-11.343092783549169,"off_low":47.65966652868986,"trend_signals":["Golden Cross","Above 20d","Below 50d"],"macd":-1.6653092972771333,"macd_signal":-2.6483210742164185,"macd_histogram":0.9830117769392852,"macd_crossover":null,"bb_upper":261.15018588067153,"bb_lower":245.17181271551985,"bb_width":6.311546094956448,"bb_pct_b":0.520590719196991,"atr":6.185416035780859,"atr_pct":2.4401025293865732,"rs_vs_bench":0.21959915630279658}}