{"AMZN":{"current":249.02000427246094,"sma_20":215.67399978637695,"sma_50":213.5602005004883,"sma_200":225.1564500427246,"rsi":76.33136168089538,"avg_vol_20":46307660.0,"current_vol":"72499800","vol_ratio":1.5656113912903395,"high_52w":254.0,"low_52w":167.32000732421875,"off_high":-1.9606282391886072,"off_low":48.828587958360984,"trend_signals":["Death Cross","Above 20d","Above 50d"],"macd":6.8697990354248475,"macd_signal":2.2254058285586313,"macd_histogram":4.644393206866216,"macd_crossover":null,"bb_upper":243.01568566751163,"bb_lower":188.33231390524227,"bb_width":25.354642570005065,"bb_pct_b":1.1098015431647577,"atr":6.927029071394877,"atr_pct":2.7817159073757733,"rs_vs_bench":11.392368544306784},"NVDA":{"current":196.50999450683594,"sma_20":178.53799896240236,"sma_50":182.116201171875,"sma_200":181.10763854980468,"rsi":68.06751068248228,"avg_vol_20":165454330.0,"current_vol":"160691000","vol_ratio":0.9712106053676565,"high_52w":207.01727294921875,"low_52w":96.88717651367188,"off_high":-5.07555639811768,"off_low":102.82353308036194,"trend_signals":["Golden Cross","Above 20d","Above 50d"],"macd":2.0586008830100013,"macd_signal":-0.5090931630789064,"macd_histogram":2.5676940460889077,"macd_crossover":null,"bb_upper":193.27406376638677,"bb_lower":163.80193415841794,"bb_width":16.50748287717466,"bb_pct_b":1.1097962985197452,"atr":5.418979942300897,"atr_pct":2.7576103474535434,"rs_vs_bench":3.6908242103134805},"MSFT":{"current":393.1099853515625,"sma_20":376.22449798583983,"sma_50":391.9355914306641,"sma_200":471.5572721862793,"rsi":57.797823673433236,"avg_vol_20":32614165.0,"current_vol":"37335000","vol_ratio":1.144747995234586,"high_52w":539.8252563476562,"low_52w":356.3916015625,"off_high":-27.17828950589276,"off_low":10.30281960295387,"trend_signals":["Death Cross","Above 20d","Above 50d"],"macd":-4.890133160541154,"macd_signal":-8.328859274719308,"macd_histogram":3.438726114178154,"macd_crossover":null,"bb_upper":398.48469047512845,"bb_lower":353.9643054965512,"bb_width":11.833462524881318,"bb_pct_b":0.8792754122375132,"atr":8.944915330138276,"atr_pct":2.2754230783882887,"rs_vs_bench":-5.900579591511423},"GOOG":{"current":330.5799865722656,"sma_20":300.00549774169923,"sma_50":307.2079064941406,"sma_200":270.17374633789063,"rsi":70.19464023557813,"avg_vol_20":20162415.0,"current_vol":"18511800","vol_ratio":0.9181340628094402,"high_52w":344.6571960449219,"low_52w":149.3437042236328,"off_high":-4.084408982083594,"off_low":121.35515406611508,"trend_signals":["Golden Cross","Above 20d","Above 50d"],"macd":4.039984939451983,"macd_signal":-0.8318558525018589,"macd_histogram":4.871840791953842,"macd_crossover":null,"bb_upper":330.63486354428994,"bb_lower":269.3761319391085,"bb_width":20.419203003381085,"bb_pct_b":0.999104177141995,"atr":8.256494105529855,"atr_pct":2.497578329269175,"rs_vs_bench":2.518800162998591},"AAPL":{"current":258.8299865722656,"sma_20":254.03949966430665,"sma_50":260.8571844482422,"sma_200":250.88856826782228,"rsi":53.06735685164334,"avg_vol_20":41597635.0,"current_vol":"48214600","vol_ratio":1.159070701976206,"high_52w":285.9224548339844,"low_52w":192.32177734375,"off_high":-9.475460147909507,"off_low":34.5817359568391,"trend_signals":["Golden Cross","Above 20d","Below 50d"],"macd":0.23715435885776515,"macd_signal":-0.9831407906011909,"macd_histogram":1.220295149458956,"macd_crossover":null,"bb_upper":262.7830512592002,"bb_lower":245.2959480694131,"bb_width":6.883615820726671,"bb_pct_b":0.7739439949526199,"atr":5.678061339683548,"atr_pct":2.1937416969645547,"rs_vs_bench":-2.513866833297951}}