{"AMZN":{"current":239.06500244140625,"sma_20":212.23324966430664,"sma_50":213.4163003540039,"sma_200":224.86087501525878,"rsi":71.78251901454753,"avg_vol_20":42679024.85,"current_vol":"21432597","vol_ratio":0.5021810379999814,"high_52w":254.0,"low_52w":167.32000732421875,"off_high":-5.8799202986589565,"off_low":42.87890985933681,"trend_signals":["Death Cross","Above 20d","Above 50d"],"macd":3.676129416177986,"macd_signal":0.07460577252110168,"macd_histogram":3.601523643656884,"macd_crossover":null,"bb_upper":231.3005421232436,"bb_lower":193.1659572053697,"bb_width":17.96824247764763,"bb_pct_b":1.2036067872479561,"atr":6.639400425476715,"atr_pct":2.777236466096288,"rs_vs_bench":11.804309869996743},"NVDA":{"current":188.6999053955078,"sma_20":177.4239944458008,"sma_50":182.073583984375,"sma_200":180.72528152465821,"rsi":61.41412389130649,"avg_vol_20":164488474.25,"current_vol":"57583685","vol_ratio":0.35007732464270214,"high_52w":207.01727294921875,"low_52w":96.88717651367188,"off_high":-8.848231499119487,"off_low":94.76251882402634,"trend_signals":["Golden Cross","Above 20d","Above 50d"],"macd":0.13440090993560716,"macd_signal":-1.6612873465759963,"macd_histogram":1.7956882565116035,"macd_crossover":null,"bb_upper":188.60564558788704,"bb_lower":166.24234330371453,"bb_width":12.604440765763513,"bb_pct_b":1.0042149324112783,"atr":5.303175144100709,"atr_pct":2.8103750942457846,"rs_vs_bench":1.3744537521930056},"MSFT":{"current":372.1400146484375,"sma_20":377.18899993896486,"sma_50":393.6478509521484,"sma_200":472.596241607666,"rsi":39.303725037213006,"avg_vol_20":30691994.0,"current_vol":"8250880","vol_ratio":0.2688284117349951,"high_52w":539.8252563476562,"low_52w":356.3916320800781,"off_high":-31.062874463070088,"off_low":4.4188418444181785,"trend_signals":["Death Cross","Below 20d","Below 50d"],"macd":-8.214090480524646,"macd_signal":-9.758061396150154,"macd_histogram":1.5439709156255077,"macd_crossover":null,"bb_upper":401.9319504627158,"bb_lower":352.4460494152139,"bb_width":13.11965647341505,"bb_pct_b":0.39797123658149025,"atr":8.39110428390974,"atr_pct":2.254824515938405,"rs_vs_bench":-9.231762131436128},"AAPL":{"current":261.8500061035156,"sma_20":253.35349960327147,"sma_50":260.8695037841797,"sma_200":250.31196174621581,"rsi":57.228535783405505,"avg_vol_20":39611348.95,"current_vol":"7047979","vol_ratio":0.17792827527526045,"high_52w":285.9224548339844,"low_52w":189.59365844726562,"off_high":-8.419222877911418,"off_low":38.1111627087188,"trend_signals":["Golden Cross","Above 20d","Above 50d"],"macd":-0.05218906961738412,"macd_signal":-1.6081839312688113,"macd_histogram":1.5559948616514272,"macd_crossover":null,"bb_upper":261.82037592849116,"bb_lower":244.88662327805181,"bb_width":6.683843987533648,"bb_pct_b":1.0017497701564513,"atr":5.89512595448616,"atr_pct":2.251336955155798,"rs_vs_bench":1.37632621604451},"GOOG":{"current":317.19549560546875,"sma_20":297.88377380371094,"sma_50":307.77588256835935,"sma_200":268.65788688659666,"rsi":63.23715947667502,"avg_vol_20":19762897.15,"current_vol":"3081143","vol_ratio":0.155905431102241,"high_52w":344.6571960449219,"low_52w":149.3437042236328,"off_high":-7.967830283129741,"off_low":112.39294770035195,"trend_signals":["Golden Cross","Above 20d","Above 50d"],"macd":1.0161741655935543,"macd_signal":-3.080029371243449,"macd_histogram":4.096203536837003,"macd_crossover":null,"bb_upper":323.56505286362614,"bb_lower":272.20249474379574,"bb_width":17.242482685101038,"bb_pct_b":0.875988317340094,"atr":8.068603766406103,"atr_pct":2.5437321393876036,"rs_vs_bench":1.9063381523638734}}