{"GOOG":{"current":316.3699951171875,"sma_20":297.1844985961914,"sma_50":308.1528381347656,"sma_200":267.9087245178223,"rsi":62.74507059702874,"avg_vol_20":20389350.0,"current_vol":"14578000","vol_ratio":0.7149811053319503,"high_52w":344.6571960449219,"low_52w":149.34371948242188,"off_high":-8.207343775885498,"off_low":111.8401739380979,"trend_signals":["Golden Cross","Above 20d","Above 50d"],"macd":-0.3760601524782601,"macd_signal":-4.104080255461799,"macd_histogram":3.728020102983539,"macd_crossover":null,"bb_upper":321.36976913070407,"bb_lower":272.99922806167876,"bb_width":16.276266527195375,"bb_pct_b":0.896635970923256,"atr":8.435420379770047,"atr_pct":2.6663149192278675,"rs_vs_bench":2.0465229136324536},"AMZN":{"current":233.64999389648438,"sma_20":210.75649948120116,"sma_50":213.4952001953125,"sma_200":224.72940002441408,"rsi":68.98284720837088,"avg_vol_20":43824870.0,"current_vol":"65666300","vol_ratio":1.498379801240711,"high_52w":254.0,"low_52w":167.32000732421875,"off_high":-8.011813426580956,"off_low":39.64259124357849,"trend_signals":["Death Cross","Above 20d","Above 50d"],"macd":1.8777703555472556,"macd_signal":-0.8257751383931193,"macd_histogram":2.703545493940375,"macd_crossover":null,"bb_upper":225.05163361348087,"bb_lower":196.46136534892145,"bb_width":13.565545231078197,"bb_pct_b":1.3007443023422782,"atr":6.681661104614949,"atr_pct":2.859688114340449,"rs_vs_bench":9.217771144368658},"MSFT":{"current":373.07000732421875,"sma_20":378.6749984741211,"sma_50":395.8157147216797,"sma_200":473.17193786621095,"rsi":40.014760333094046,"avg_vol_20":31642645.0,"current_vol":"30351200","vol_ratio":0.9591865661040662,"high_52w":539.8251953125,"low_52w":356.3916015625,"off_high":-30.890590034751558,"off_low":4.679797640740386,"trend_signals":["Death Cross","Below 20d","Below 50d"],"macd":-8.716574453997282,"macd_signal":-10.144054128145346,"macd_histogram":1.4274796741480635,"macd_crossover":null,"bb_upper":405.6135876560397,"bb_lower":351.73640929220244,"bb_width":14.227815034247445,"bb_pct_b":0.3959672477268327,"atr":8.687342417767258,"atr_pct":2.3286091744752535,"rs_vs_bench":-9.457885988327952},"NVDA":{"current":183.91000366210938,"sma_20":177.1459991455078,"sma_50":182.1297787475586,"sma_200":180.52115867614745,"rsi":56.60928416217186,"avg_vol_20":169397425.0,"current_vol":"116030600","vol_ratio":0.6849608251128965,"high_52w":207.01727294921875,"low_52w":96.88717651367188,"off_high":-11.16200061855591,"off_low":89.81872553191556,"trend_signals":["Golden Cross","Above 20d","Above 50d"],"macd":-0.7811278975768516,"macd_signal":-2.110209410698879,"macd_histogram":1.3290815131220275,"macd_crossover":null,"bb_upper":187.38390803749976,"bb_lower":166.90809025351584,"bb_width":11.558724375798677,"bb_pct_b":0.8303411169195078,"atr":5.332650296037987,"atr_pct":2.899597732505871,"rs_vs_bench":-1.873258951351553},"AAPL":{"current":260.489990234375,"sma_20":253.0489990234375,"sma_50":260.7565093994141,"sma_200":250.00117332458495,"rsi":55.663092922608506,"avg_vol_20":41298650.0,"current_vol":"28084500","vol_ratio":0.6800343352627749,"high_52w":285.9224548339844,"low_52w":189.59365844726562,"off_high":-8.894881870812235,"off_low":37.39383076825261,"trend_signals":["Golden Cross","Above 20d","Below 50d"],"macd":-0.5965090028355746,"macd_signal":-1.997182646681613,"macd_histogram":1.4006736438460383,"macd_crossover":null,"bb_upper":260.6199150885149,"bb_lower":245.47808295836003,"bb_width":5.98375499946255,"bb_pct_b":0.991419475990546,"atr":6.108597557355236,"atr_pct":2.345041186365375,"rs_vs_bench":-0.4443162398983791}}