{"GOOG":{"current":332.7699890136719,"sma_20":302.5819976806641,"sma_50":306.85035888671877,"sma_200":271.73564262390136,"rsi":70.01298695908213,"avg_vol_20":20197427.65,"current_vol":"13822453","vol_ratio":0.6843670015572504,"high_52w":344.6571960449219,"low_52w":149.3437042236328,"off_high":-3.4489942956829043,"off_low":122.82157171846342,"trend_signals":["Golden Cross","Above 20d","Above 50d"],"macd":6.929564853340935,"macd_signal":1.777222605416461,"macd_histogram":5.152342247924474,"macd_crossover":null,"bb_upper":339.45084702824806,"bb_lower":265.7131483330801,"bb_width":24.369492983845166,"bb_pct_b":0.9093969823740379,"atr":7.948909853833962,"atr_pct":2.3887099547030908,"rs_vs_bench":0.7068054626378615},"AMZN":{"current":249.6999969482422,"sma_20":219.33050003051758,"sma_50":213.89260040283204,"sma_200":225.4340000152588,"rsi":76.17723088287961,"avg_vol_20":46412752.1,"current_vol":"41687942","vol_ratio":0.898200173740613,"high_52w":254.0,"low_52w":167.32000732421875,"off_high":-1.6929145873062255,"off_low":49.234990448210034,"trend_signals":["Death Cross","Above 20d","Above 50d"],"macd":9.178204587967656,"macd_signal":4.565918593544914,"macd_histogram":4.612285994422742,"macd_crossover":null,"bb_upper":253.31176648160195,"bb_lower":185.34923357943322,"bb_width":30.986357525612007,"bb_pct_b":0.9468564607714244,"atr":6.601979726316683,"atr_pct":2.6439646804181347,"rs_vs_bench":11.47344605584173},"MSFT":{"current":420.260009765625,"sma_20":378.2384979248047,"sma_50":391.91160278320314,"sma_200":470.7766078186035,"rsi":70.77958037336626,"avg_vol_20":34321999.45,"current_vol":"41060589","vol_ratio":1.1963344111061105,"high_52w":539.8252563476562,"low_52w":356.3916015625,"off_high":-22.148879693214887,"off_low":17.92085108715012,"trend_signals":["Death Cross","Above 20d","Above 50d"],"macd":1.2380209953495864,"macd_signal":-5.382122624179515,"macd_histogram":6.6201436195291015,"macd_crossover":null,"bb_upper":409.5486161573383,"bb_lower":346.92837969227105,"bb_width":16.555754321316176,"bb_pct_b":1.1710532283643174,"atr":9.80852500725391,"atr_pct":2.3339182361709914,"rs_vs_bench":-0.10715121232240854},"AAPL":{"current":263.3999938964844,"sma_20":255.32249908447267,"sma_50":260.6740704345703,"sma_200":251.51263069152833,"rsi":57.42977405769334,"avg_vol_20":42850424.4,"current_vol":"43105688","vol_ratio":1.005957084523065,"high_52w":285.9224548339844,"low_52w":192.32179260253906,"off_high":-7.877122120603383,"off_low":36.957954858937256,"trend_signals":["Golden Cross","Above 20d","Above 50d"],"macd":1.2817584297871463,"macd_signal":-0.21852923276020203,"macd_histogram":1.5002876625473482,"macd_crossover":null,"bb_upper":266.1271306615644,"bb_lower":244.51786750738094,"bb_width":8.463517015409645,"bb_pct_b":0.8737977900670767,"atr":5.896951897615699,"atr_pct":2.2387820934928295,"rs_vs_bench":-2.3374689968002063},"NVDA":{"current":198.35000610351562,"sma_20":180.28249969482422,"sma_50":182.74199737548827,"sma_200":181.51530097961427,"rsi":68.89941741686474,"avg_vol_20":164452379.1,"current_vol":"133187482","vol_ratio":0.8098847990457562,"high_52w":207.01727294921875,"low_52w":96.88717651367188,"off_high":-4.186736073868195,"off_low":104.72266118264496,"trend_signals":["Golden Cross","Above 20d","Above 50d"],"macd":3.9018820480041256,"macd_signal":0.9562251423309545,"macd_histogram":2.945656905673171,"macd_crossover":null,"bb_upper":199.5399658891011,"bb_lower":161.02503350054735,"bb_width":21.363655625892942,"bb_pct_b":0.9691039367905234,"atr":5.2701407160813325,"atr_pct":2.656990448153015,"rs_vs_bench":2.945522029277093}}