{"AMZN":{"current":238.3800048828125,"sma_20":212.19899978637696,"sma_50":213.40260040283204,"sma_200":224.85745002746583,"rsi":71.45660675668297,"avg_vol_20":44448087.95,"current_vol":"56515959","vol_ratio":1.2715048409635807,"high_52w":254.0,"low_52w":167.32000732421875,"off_high":-6.149604376845472,"off_low":42.46951616545152,"trend_signals":["Death Cross","Above 20d","Above 50d"],"macd":3.6214857202076587,"macd_signal":0.06367701289282357,"macd_histogram":3.5578087073148352,"macd_crossover":null,"bb_upper":231.0647537137384,"bb_lower":193.3332458590155,"bb_width":17.781190247224362,"bb_pct_b":1.1938764598870497,"atr":6.688685195822246,"atr_pct":2.805891878016531,"rs_vs_bench":11.735853754819757},"MSFT":{"current":370.8699951171875,"sma_20":377.12549896240233,"sma_50":393.62245056152346,"sma_200":472.58989242553713,"rsi":38.3725684559915,"avg_vol_20":31680338.9,"current_vol":"27933678","vol_ratio":0.881735453909554,"high_52w":539.8252563476562,"low_52w":356.3916015625,"off_high":-31.298139396734488,"off_low":4.062495718532929,"trend_signals":["Death Cross","Below 20d","Below 50d"],"macd":-8.315402610960291,"macd_signal":-9.778323861723013,"macd_histogram":1.4629212507627223,"macd_crossover":null,"bb_upper":401.9294524882763,"bb_lower":352.32154543652837,"bb_width":13.154217147404717,"bb_pct_b":0.37390107309527343,"atr":8.467533334399784,"atr_pct":2.2831540555671572,"rs_vs_bench":-9.29144604896981},"GOOG":{"current":315.7200012207031,"sma_20":297.8099990844727,"sma_50":307.7463726806641,"sma_200":268.6505093383789,"rsi":62.09065642734854,"avg_vol_20":20159645.5,"current_vol":"10987310","vol_ratio":0.5450150400710171,"high_52w":344.6571960449219,"low_52w":149.34371948242188,"off_high":-8.395935194820984,"off_low":111.40494043866649,"trend_signals":["Golden Cross","Above 20d","Above 50d"],"macd":0.8984708902912644,"macd_signal":-3.1035700511241635,"macd_histogram":4.002040941415428,"macd_crossover":null,"bb_upper":323.26517331834464,"bb_lower":272.3548248506007,"bb_width":17.094909044106135,"bb_pct_b":0.8517949233362245,"atr":8.187175424847542,"atr_pct":2.5931760399064236,"rs_vs_bench":1.6782816196301065},"NVDA":{"current":188.6300048828125,"sma_20":177.420499420166,"sma_50":182.07218597412108,"sma_200":180.72493156433106,"rsi":61.351668953090304,"avg_vol_20":169598976.0,"current_vol":"159395820","vol_ratio":0.9398395188423779,"high_52w":207.01727294921875,"low_52w":96.88717651367188,"off_high":-8.881997045201459,"off_low":94.69037252437083,"trend_signals":["Golden Cross","Above 20d","Above 50d"],"macd":0.12882478608946712,"macd_signal":-1.66240258985957,"macd_histogram":1.7912273759490371,"macd_crossover":null,"bb_upper":188.5873445064998,"bb_lower":166.25365433383223,"bb_width":12.58799870683323,"bb_pct_b":1.001910135583636,"atr":5.386746373004913,"atr_pct":2.8557208469307205,"rs_vs_bench":1.5970669500905421},"AAPL":{"current":260.4800109863281,"sma_20":253.2849998474121,"sma_50":260.84210388183595,"sma_200":250.30511138916015,"rsi":55.64814811787305,"avg_vol_20":40671739.45,"current_vol":"28218689","vol_ratio":0.6938156415633706,"high_52w":285.9224548339844,"low_52w":192.32177734375,"off_high":-8.898372064701578,"off_low":35.43968581402729,"trend_signals":["Golden Cross","Above 20d","Below 50d"],"macd":-0.16147646330000498,"macd_signal":-1.630041453087298,"macd_histogram":1.468564989787293,"macd_crossover":null,"bb_upper":261.4802574273783,"bb_lower":245.0897422674459,"bb_width":6.4711748306479455,"bb_pct_b":0.9389740693754791,"atr":5.898476363818279,"atr_pct":2.264464110502465,"rs_vs_bench":1.0899840266284544}}