{"AMZN":{"current":246.9199981689453,"sma_20":215.56899948120116,"sma_50":213.51820037841796,"sma_200":225.14595001220704,"rsi":75.49696831446462,"avg_vol_20":43723369.65,"current_vol":"20905193","vol_ratio":0.47812401393907666,"high_52w":254.0,"low_52w":167.32000732421875,"off_high":-2.7874022956908218,"off_low":47.57350427942807,"trend_signals":["Death Cross","Above 20d","Above 50d"],"macd":6.702277169865738,"macd_signal":2.1919014412828033,"macd_histogram":4.510375728582934,"macd_crossover":null,"bb_upper":242.38251879658566,"bb_lower":188.75548016581666,"bb_width":24.876971531078418,"bb_pct_b":1.0846117833132825,"atr":6.5631015367642185,"atr_pct":2.6579870344376375,"rs_vs_bench":11.251309169364188},"NVDA":{"current":193.15499877929688,"sma_20":178.3702491760254,"sma_50":182.04910125732422,"sma_200":181.090863571167,"rsi":65.49918184586124,"avg_vol_20":160103494.75,"current_vol":"54080395","vol_ratio":0.33778397582417546,"high_52w":207.01727294921875,"low_52w":96.88717651367188,"off_high":-6.696192048342886,"off_low":99.36074693232548,"trend_signals":["Golden Cross","Above 20d","Above 50d"],"macd":1.7909659025745555,"macd_signal":-0.5626201510636285,"macd_histogram":2.353586053638184,"macd_crossover":null,"bb_upper":192.2991769546163,"bb_lower":164.44132139743448,"bb_width":15.61799441659702,"bb_pct_b":1.0307210231212476,"atr":5.20219507539775,"atr_pct":2.69327488715003,"rs_vs_bench":2.681490522069563},"MSFT":{"current":391.9700012207031,"sma_20":376.16749877929686,"sma_50":391.91279174804686,"sma_200":471.5515721130371,"rsi":57.07282053772518,"avg_vol_20":31390120.75,"current_vol":"13036615","vol_ratio":0.4153094887346045,"high_52w":539.8252563476562,"low_52w":356.3916015625,"off_high":-27.389466014856467,"off_low":9.982951198125745,"trend_signals":["Death Cross","Above 20d","Above 50d"],"macd":-4.981072074656424,"macd_signal":-8.347047069091317,"macd_histogram":3.365974994434893,"macd_crossover":null,"bb_upper":398.25077664543096,"bb_lower":354.08422091316277,"bb_width":11.741193982891481,"bb_pct_b":0.857793406784965,"atr":8.929194441959275,"atr_pct":2.2780300569307066,"rs_vs_bench":-5.351216705389284},"GOOG":{"current":325.8900146484375,"sma_20":299.7709991455078,"sma_50":307.1141070556641,"sma_200":270.1502963256836,"rsi":67.99870750879626,"avg_vol_20":19501336.45,"current_vol":"5321929","vol_ratio":0.2729007324008299,"high_52w":344.6571960449219,"low_52w":149.34371948242188,"off_high":-5.445173236434704,"off_low":118.21474366506291,"trend_signals":["Golden Cross","Above 20d","Above 50d"],"macd":3.665856111175856,"macd_signal":-0.9066816357389733,"macd_histogram":4.572537746914829,"macd_crossover":null,"bb_upper":329.4725312392107,"bb_lower":270.0694670518049,"bb_width":19.816147778381907,"bb_pct_b":0.9396913839415588,"atr":7.966492097716655,"atr_pct":2.4445339653351206,"rs_vs_bench":1.8378010485074592},"AAPL":{"current":257.80499267578125,"sma_20":253.9882499694824,"sma_50":260.8366845703125,"sma_200":250.8834429168701,"rsi":51.4967421635351,"avg_vol_20":39690153.8,"current_vol":"11103076","vol_ratio":0.27974383913826006,"high_52w":285.9224548339844,"low_52w":192.32177734375,"off_high":-9.833946821185839,"off_low":34.048778165661695,"trend_signals":["Golden Cross","Above 20d","Below 50d"],"macd":0.15538846203475032,"macd_signal":-0.999493972439323,"macd_histogram":1.1548824344740733,"macd_crossover":null,"bb_upper":262.6249366029146,"bb_lower":245.35156333605022,"bb_width":6.80085526355642,"bb_pct_b":0.7209610507069004,"atr":5.643774912671629,"atr_pct":2.1891643191601453,"rs_vs_bench":-2.0822627574022645}}